timestamp,price
2012-01-02,5.0
2012-01-03,5.29
2012-01-04,5.57
2012-01-05,6.42
2012-01-06,6.4
2012-01-07,6.8
2012-01-08,6.9
2012-01-09,6.48
2012-01-10,7.1
2012-01-11,7.0
2012-01-12,6.51
2012-01-13,6.9
2012-01-14,6.4
2012-01-15,7.15
2012-01-16,7.1
2012-01-17,6.9
2012-01-18,7.1
2012-01-19,6.01
2012-01-20,6.95
2012-01-21,6.95
2012-01-22,6.83
2012-01-23,6.52
2012-01-24,6.55
2012-01-25,6.0
2012-01-26,6.27
2012-01-27,5.88
2012-01-28,4.91
2012-01-29,5.9
2012-01-30,5.58
2012-01-31,5.55
2012-02-01,5.99
2012-02-02,6.26
2012-02-03,6.29
2012-02-04,6.5
2012-02-05,5.7
2012-02-06,5.9
2012-02-07,5.51
2012-02-08,5.66
2012-02-09,5.87
2012-02-10,5.88
2012-02-11,5.5
2012-02-12,5.55
2012-02-13,5.79
2012-02-14,4.56
2012-02-15,4.69
2012-02-16,4.98
2012-02-17,4.69
2012-02-18,4.38
2012-02-19,4.38
2012-02-20,4.4
2012-02-21,4.53
2012-02-22,4.57
2012-02-23,5.0
2012-02-24,5.12
2012-02-25,5.0
2012-02-26,4.96
2012-02-27,5.1
2012-02-28,4.71
2012-02-29,4.99
2012-03-01,5.03
2012-03-02,4.79
2012-03-03,4.65
2012-03-04,4.81
2012-03-05,5.0
2012-03-06,4.99
2012-03-07,5.01
2012-03-08,5.0
2012-03-09,5.07
2012-03-10,4.94
2012-03-11,5.0
2012-03-12,4.98
2012-03-13,5.28
2012-03-14,5.27
2012-03-15,5.37
2012-03-16,5.39
2012-03-17,5.42
2012-03-18,5.24
2012-03-19,4.97
2012-03-20,4.8
2012-03-21,4.96
2012-03-22,4.8
2012-03-23,4.78
2012-03-24,4.72
2012-03-25,4.54
2012-03-26,4.68
2012-03-27,4.73
2012-03-28,4.87
2012-03-29,4.77
2012-03-30,4.88
2012-03-31,4.92
2012-04-01,4.89
2012-04-02,5.03
2012-04-03,4.95
2012-04-04,4.91
2012-04-05,4.9
2012-04-06,4.98
2012-04-07,4.7
2012-04-08,4.76
2012-04-09,4.85
2012-04-10,4.8
2012-04-11,4.88
2012-04-12,4.86
2012-04-13,4.89
2012-04-14,4.98
2012-04-15,4.92
2012-04-16,4.94
2012-04-17,4.99
2012-04-18,5.11
2012-04-19,5.16
2012-04-20,5.19
2012-04-21,5.26
2012-04-22,5.18
2012-04-23,5.15
2012-04-24,5.11
2012-04-25,4.9
2012-04-26,5.08
2012-04-27,5.04
2012-04-28,4.85
2012-04-29,4.91
2012-04-30,5.0
2012-05-01,4.97
2012-05-02,5.08
2012-05-03,5.1
2012-05-04,5.1
2012-05-05,5.04
2012-05-06,5.05
2012-05-07,5.06
2012-05-08,5.04
2012-05-09,5.04
2012-05-10,5.01
2012-05-11,4.93
2012-05-12,4.97
2012-05-13,4.94
2012-05-14,4.99
2012-05-15,4.95
2012-05-16,5.04
2012-05-17,5.03
2012-05-18,5.06
2012-05-19,5.05
2012-05-20,5.08
2012-05-21,5.01
2012-05-22,5.07
2012-05-23,5.08
2012-05-24,5.12
2012-05-25,5.09
2012-05-26,5.07
2012-05-27,5.06
2012-05-28,5.08
2012-05-29,5.12
2012-05-30,5.13
2012-05-31,5.14
2012-06-01,5.22
2012-06-02,5.21
2012-06-03,5.19
2012-06-04,5.23
2012-06-05,5.33
2012-06-06,5.48
2012-06-07,5.48
2012-06-08,5.61
2012-06-09,5.54
2012-06-10,5.43
2012-06-11,5.53
2012-06-12,5.9
2012-06-13,5.95
2012-06-14,5.87
2012-06-15,6.08
2012-06-16,6.4
2012-06-17,6.16
2012-06-18,6.1
2012-06-19,6.26
2012-06-20,6.65
2012-06-21,6.64
2012-06-22,6.59
2012-06-23,6.36
2012-06-24,6.44
2012-06-25,6.2
2012-06-26,6.44
2012-06-27,6.52
2012-06-28,6.5
2012-06-29,6.57
2012-06-30,6.54
2012-07-01,6.54
2012-07-02,6.55
2012-07-03,6.47
2012-07-04,6.49
2012-07-05,6.66
2012-07-06,6.58
2012-07-07,6.66
2012-07-08,6.77
2012-07-09,6.67
2012-07-10,7.0
2012-07-11,7.1
2012-07-12,7.1
2012-07-13,7.65
2012-07-14,7.44
2012-07-15,7.4
2012-07-16,8.05
2012-07-17,8.42
2012-07-18,9.1
2012-07-19,9.2
2012-07-20,8.53
2012-07-21,8.86
2012-07-22,8.64
2012-07-23,8.78
2012-07-24,8.57
2012-07-25,8.49
2012-07-26,8.61
2012-07-27,8.83
2012-07-28,8.9
2012-07-29,8.72
2012-07-30,8.9
2012-07-31,9.2
2012-08-01,9.36
2012-08-02,9.81
2012-08-03,10.86
2012-08-04,10.97
2012-08-05,10.4
2012-08-06,10.84
2012-08-07,10.74
2012-08-08,10.96
2012-08-09,11.09
2012-08-10,11.25
2012-08-11,11.31
2012-08-12,11.69
2012-08-13,11.58
2012-08-14,12.03
2012-08-15,12.66
2012-08-16,13.42
2012-08-17,12.98
2012-08-18,11.95
2012-08-19,8.57
2012-08-20,9.41
2012-08-21,10.44
2012-08-22,10.42
2012-08-23,10.06
2012-08-24,10.26
2012-08-25,10.44
2012-08-26,10.5
2012-08-27,10.58
2012-08-28,11.17
2012-08-29,10.85
2012-08-30,10.54
2012-08-31,9.81
2012-09-01,10.14
2012-09-02,10.14
2012-09-03,10.3
2012-09-04,10.4
2012-09-05,10.59
2012-09-06,10.87
2012-09-07,11.08
2012-09-08,10.97
2012-09-09,10.85
2012-09-10,10.98
2012-09-11,10.65
2012-09-12,11.13
2012-09-13,11.3
2012-09-14,11.7
2012-09-15,11.6
2012-09-16,11.68
2012-09-17,11.84
2012-09-18,11.89
2012-09-19,12.4
2012-09-20,12.45
2012-09-21,12.35
2012-09-22,12.05
2012-09-23,11.86
2012-09-24,11.95
2012-09-25,11.85
2012-09-26,12.1
2012-09-27,12.25
2012-09-28,12.26
2012-09-29,12.22
2012-09-30,12.17
2012-10-01,12.08
2012-10-02,12.3
2012-10-03,12.9
2012-10-04,12.7
2012-10-05,12.64
2012-10-06,12.38
2012-10-07,11.75
2012-10-08,11.64
2012-10-09,11.89
2012-10-10,12.01
2012-10-11,11.78
2012-10-12,12.0
2012-10-13,11.82
2012-10-14,11.84
2012-10-15,11.49
2012-10-16,11.93
2012-10-17,11.9
2012-10-18,11.83
2012-10-19,11.65
2012-10-20,11.63
2012-10-21,11.58
2012-10-22,11.54
2012-10-23,11.49
2012-10-24,11.46
2012-10-25,10.85
2012-10-26,9.81
2012-10-27,10.62
2012-10-28,10.58
2012-10-29,10.59
2012-10-30,10.7
2012-10-31,10.75
2012-11-01,10.98
2012-11-02,10.68
2012-11-03,10.67
2012-11-04,10.53
2012-11-05,10.78
2012-11-06,10.57
2012-11-07,10.82
2012-11-08,10.8
2012-11-09,10.81
2012-11-10,10.87
2012-11-11,10.64
2012-11-12,10.85
2012-11-13,10.98
2012-11-14,10.98
2012-11-15,10.98
2012-11-16,11.56
2012-11-17,11.51
2012-11-18,11.57
2012-11-19,11.63
2012-11-20,11.63
2012-11-21,11.64
2012-11-22,12.11
2012-11-23,12.04
2012-11-24,12.17
2012-11-25,12.21
2012-11-26,12.23
2012-11-27,11.95
2012-11-28,12.2
2012-11-29,12.38
2012-11-30,12.42
2012-12-01,12.34
2012-12-02,12.45
2012-12-03,12.47
2012-12-04,12.77
2012-12-05,13.29
2012-12-06,13.27
2012-12-07,13.35
2012-12-08,13.34
2012-12-09,13.18
2012-12-10,13.28
2012-12-11,13.4
2012-12-12,13.39
2012-12-13,13.48
2012-12-14,13.52
2012-12-15,13.38
2012-12-16,13.27
2012-12-17,13.08
2012-12-18,13.05
2012-12-19,13.28
2012-12-20,13.44
2012-12-21,13.3
2012-12-22,13.2
2012-12-23,13.21
2012-12-24,13.03
2012-12-25,13.24
2012-12-26,13.16
2012-12-27,13.0
2012-12-28,13.13
2012-12-29,13.24
2012-12-30,13.29
2012-12-31,13.24
2013-01-01,13.1
2013-01-02,13.06
2013-01-03,13.1
2013-01-04,13.17
2013-01-05,13.14
2013-01-06,13.15
2013-01-07,13.2
2013-01-08,13.45
2013-01-09,13.61
2013-01-10,13.9
2013-01-11,14.03
2013-01-12,13.84
2013-01-13,13.94
2013-01-14,14.01
2013-01-15,14.22
2013-01-16,14.45
2013-01-17,15.36
2013-01-18,15.7
2013-01-19,15.32
2013-01-20,15.5
2013-01-21,16.32
2013-01-22,17.49
2013-01-23,17.58
2013-01-24,18.25
2013-01-25,17.3
2013-01-26,17.17
2013-01-27,17.54
2013-01-28,18.18
2013-01-29,19.16
2013-01-30,19.31
2013-01-31,20.79
2013-02-01,20.65
2013-02-02,20.19
2013-02-03,20.24
2013-02-04,20.34
2013-02-05,20.3
2013-02-06,20.89
2013-02-07,21.46
2013-02-08,22.3
2013-02-09,23.25
2013-02-10,23.47
2013-02-11,23.8
2013-02-12,25.76
2013-02-13,25.5
2013-02-14,26.68
2013-02-15,27.42
2013-02-16,27.09
2013-02-17,26.1
2013-02-18,26.81
2013-02-19,28.6
2013-02-20,29.8
2013-02-21,30.0
2013-02-22,31.48
2013-02-23,28.91
2013-02-24,30.28
2013-02-25,30.4
2013-02-26,31.41
2013-02-27,31.55
2013-02-28,33.98
2013-03-01,34.7
2013-03-02,34.18
2013-03-03,34.3
2013-03-04,36.51
2013-03-05,40.03
2013-03-06,48.0
2013-03-07,42.42
2013-03-08,43.78
2013-03-09,45.02
2013-03-10,46.2
2013-03-11,48.3
2013-03-12,44.89
2013-03-13,46.69
2013-03-14,47.39
2013-03-15,47.1
2013-03-16,47.0
2013-03-17,47.09
2013-03-18,47.67
2013-03-19,57.78
2013-03-20,65.49
2013-03-21,73.89
2013-03-22,71.03
2013-03-23,62.24
2013-03-24,70.8
2013-03-25,77.0
2013-03-26,77.89
2013-03-27,89.49
2013-03-28,94.5
2013-03-29,90.22
2013-03-30,92.4
2013-03-31,94.08
2013-04-01,103.99
2013-04-02,113.8
2013-04-03,133.7
2013-04-04,133.21
2013-04-05,142.0
2013-04-06,142.79
2013-04-07,158.28
2013-04-08,193.2
2013-04-09,229.5
2013-04-10,130.0
2013-04-11,60.01
2013-04-12,81.5
2013-04-13,87.0
2013-04-14,95.0
2013-04-15,87.0
2013-04-16,65.2
2013-04-17,87.03
2013-04-18,95.01
2013-04-19,117.0
2013-04-20,126.55
2013-04-21,121.36
2013-04-22,123.68
2013-04-23,134.5
2013-04-24,151.04
2013-04-25,145.5
2013-04-26,133.76
2013-04-27,127.03
2013-04-28,133.21
2013-04-29,142.35
2013-04-30,136.84
2013-05-01,110.66
2013-05-02,105.38
2013-05-03,91.27
2013-05-04,110.08
2013-05-05,115.63
2013-05-06,116.64
2013-05-07,106.99
2013-05-08,113.96
2013-05-09,112.5
2013-05-10,118.5
2013-05-11,115.38
2013-05-12,113.4
2013-05-13,116.73
2013-05-14,114.05
2013-05-15,109.36
2013-05-16,111.79
2013-05-17,117.97
2013-05-18,118.3
2013-05-19,116.49
2013-05-20,118.49
2013-05-21,117.88
2013-05-22,119.35
2013-05-23,121.89
2013-05-24,129.88
2013-05-25,128.5
2013-05-26,129.75
2013-05-27,123.58
2013-05-28,125.52
2013-05-29,130.02
2013-05-30,126.97
2013-05-31,127.24
2013-06-01,128.5
2013-06-02,120.0
2013-06-03,120.53
2013-06-04,120.58
2013-06-05,121.51
2013-06-06,119.47
2013-06-07,111.15
2013-06-08,109.94
2013-06-09,99.94
2013-06-10,103.63
2013-06-11,107.34
2013-06-12,108.42
2013-06-13,107.74
2013-06-14,100.12
2013-06-15,99.42
2013-06-16,100.3
2013-06-17,100.67
2013-06-18,105.69
2013-06-19,105.7
2013-06-20,106.7
2013-06-21,102.0
2013-06-22,100.0
2013-06-23,100.38
2013-06-24,99.47
2013-06-25,99.0
2013-06-26,98.21
2013-06-27,97.33
2013-06-28,89.97
2013-06-29,88.51
2013-06-30,89.0
2013-07-01,85.51
2013-07-02,87.3
2013-07-03,80.96
2013-07-04,79.96
2013-07-05,66.22
2013-07-06,65.65
2013-07-07,68.96
2013-07-08,73.91
2013-07-09,75.06
2013-07-10,79.41
2013-07-11,87.05
2013-07-12,88.45
2013-07-13,89.89
2013-07-14,92.33
2013-07-15,93.95
2013-07-16,91.58
2013-07-17,91.1
2013-07-18,85.01
2013-07-19,85.88
2013-07-20,86.32
2013-07-21,85.12
2013-07-22,85.2
2013-07-23,86.94
2013-07-24,87.92
2013-07-25,90.02
2013-07-26,90.5
2013-07-27,89.03
2013-07-28,91.55
2013-07-29,93.29
2013-07-30,94.14
2013-07-31,99.67
2013-08-01,96.02
2013-08-02,97.87
2013-08-03,95.96
2013-08-04,96.61
2013-08-05,97.93
2013-08-06,97.58
2013-08-07,97.63
2013-08-08,93.85
2013-08-09,92.95
2013-08-10,94.0
2013-08-11,94.0
2013-08-12,93.99
2013-08-13,96.84
2013-08-14,98.55
2013-08-15,98.75
2013-08-16,98.94
2013-08-17,99.02
2013-08-18,99.28
2013-08-19,101.79
2013-08-20,104.57
2013-08-21,111.89
2013-08-22,109.5
2013-08-23,107.12
2013-08-24,109.49
2013-08-25,112.18
2013-08-26,111.0
2013-08-27,118.5
2013-08-28,119.3
2013-08-29,118.25
2013-08-30,123.86
2013-08-31,131.24
2013-09-01,130.78
2013-09-02,130.02
2013-09-03,129.7
2013-09-04,124.47
2013-09-05,124.05
2013-09-06,117.05
2013-09-07,118.78
2013-09-08,118.5
2013-09-09,122.87
2013-09-10,122.26
2013-09-11,123.7
2013-09-12,128.08
2013-09-13,128.08
2013-09-14,124.03
2013-09-15,125.13
2013-09-16,125.8
2013-09-17,127.43
2013-09-18,127.87
2013-09-19,125.4
2013-09-20,123.77
2013-09-21,123.54
2013-09-22,122.95
2013-09-23,123.01
2013-09-24,122.89
2013-09-25,124.37
2013-09-26,124.64
2013-09-27,125.99
2013-09-28,126.67
2013-09-29,127.86
2013-09-30,126.24
2013-10-01,127.19
2013-10-02,110.83
2013-10-03,117.47
2013-10-04,122.32
2013-10-05,121.33
2013-10-06,122.28
2013-10-07,123.52
2013-10-08,124.01
2013-10-09,125.98
2013-10-10,126.39
2013-10-11,127.02
2013-10-12,127.94
2013-10-13,130.94
2013-10-14,135.45
2013-10-15,139.61
2013-10-16,141.23
2013-10-17,143.97
2013-10-18,151.98
2013-10-19,164.93
2013-10-20,165.0
2013-10-21,179.9
2013-10-22,189.3
2013-10-23,203.52
2013-10-24,191.7
2013-10-25,183.88
2013-10-26,181.0
2013-10-27,193.79
2013-10-28,196.99
2013-10-29,201.0
2013-10-30,199.67
2013-10-31,203.74
2013-11-01,203.1
2013-11-02,204.7
2013-11-03,207.75
2013-11-04,226.42
2013-11-05,247.8
2013-11-06,260.48
2013-11-07,283.0
2013-11-08,327.14
2013-11-09,356.05
2013-11-10,299.9
2013-11-11,334.0
2013-11-12,350.98
2013-11-13,391.89
2013-11-14,414.9
2013-11-15,426.19
2013-11-16,430.0
2013-11-17,464.07
2013-11-18,584.65
2013-11-19,608.05
2013-11-20,610.0
2013-11-21,700.5
2013-11-22,768.99
2013-11-23,843.14
2013-11-24,822.5
2013-11-25,807.0
2013-11-26,852.2
2013-11-27,948.46
2013-11-28,1005.49
2013-11-29,1084.1
2013-11-30,1110.09
2013-12-01,912.15
2013-12-02,1005.98
2013-12-03,1057.0
2013-12-04,1143.09
2013-12-05,1034.9
2013-12-06,800.01
2013-12-07,731.0
2013-12-08,727.32
2013-12-09,871.93
2013-12-10,964.87
2013-12-11,880.12
2013-12-12,864.01
2013-12-13,863.0
2013-12-14,858.42
2013-12-15,854.92
2013-12-16,722.0
2013-12-17,714.05
2013-12-18,575.0
2013-12-19,665.93
2013-12-20,651.56
2013-12-21,605.0
2013-12-22,625.0
2013-12-23,635.37
2013-12-24,647.27
2013-12-25,658.1
2013-12-26,741.41
2013-12-27,711.0
2013-12-28,710.0
2013-12-29,710.0
2013-12-30,738.49
2013-12-31,734.33
2014-01-01,746.78
2014-01-02,763.23
2014-01-03,799.78
2014-01-04,822.82
2014-01-05,908.0
2014-01-06,919.99
2014-01-07,847.03
2014-01-08,819.54
2014-01-09,782.81
2014-01-10,833.87
2014-01-11,884.41
2014-01-12,858.97
2014-01-13,812.89
2014-01-14,823.38
2014-01-15,844.15
2014-01-16,826.11
2014-01-17,786.11
2014-01-18,804.38
2014-01-19,824.99
2014-01-20,829.21
2014-01-21,818.18
2014-01-22,811.0
2014-01-23,812.25
2014-01-24,795.0
2014-01-25,809.92
2014-01-26,826.71
2014-01-27,787.3
2014-01-28,795.0
2014-01-29,801.5
2014-01-30,803.11
2014-01-31,801.46
2014-02-01,816.0
2014-02-02,819.11
2014-02-03,810.0
2014-02-04,809.48
2014-02-05,803.93
2014-02-06,780.0
2014-02-07,739.43
2014-02-08,708.41
2014-02-09,704.0
2014-02-10,659.0
2014-02-11,668.12
2014-02-12,666.57
2014-02-13,634.04
2014-02-14,681.65
2014-02-15,652.08
2014-02-16,616.77
2014-02-17,633.13
2014-02-18,623.71
2014-02-19,630.46
2014-02-20,575.17
2014-02-21,560.02
2014-02-22,593.85
2014-02-23,626.27
2014-02-24,554.0
2014-02-25,517.51
2014-02-26,588.0
2014-02-27,584.68
2014-02-28,575.5
2014-03-01,571.71
2014-03-02,561.9
2014-03-03,683.01
2014-03-04,674.66
2014-03-05,663.5
2014-03-06,658.99
2014-03-07,622.94
2014-03-08,612.27
2014-03-09,643.3
2014-03-10,615.01
2014-03-11,625.48
2014-03-12,644.99
2014-03-13,643.91
2014-03-14,631.95
2014-03-15,639.77
2014-03-16,632.31
2014-03-17,627.6
2014-03-18,617.31
2014-03-19,610.0
2014-03-20,592.0
2014-03-21,582.0
2014-03-22,559.38
2014-03-23,564.99
2014-03-24,572.08
2014-03-25,585.0
2014-03-26,584.0
2014-03-27,517.66
2014-03-28,485.21
2014-03-29,500.0
2014-03-30,452.74
2014-03-31,454.0
2014-04-01,478.8
2014-04-02,437.33
2014-04-03,449.93
2014-04-04,448.1
2014-04-05,454.84
2014-04-06,457.71
2014-04-07,453.65
2014-04-08,454.19
2014-04-09,445.64
2014-04-10,393.3
2014-04-11,420.57
2014-04-12,424.15
2014-04-13,410.59
2014-04-14,458.4
2014-04-15,494.15
2014-04-16,512.49
2014-04-17,500.0
2014-04-18,484.6
2014-04-19,505.21
2014-04-20,497.04
2014-04-21,496.07
2014-04-22,492.0
2014-04-23,489.75
2014-04-24,492.52
2014-04-25,460.57
2014-04-26,464.6
2014-04-27,445.0
2014-04-28,447.99
2014-04-29,439.86
2014-04-30,447.56
2014-05-01,459.19
2014-05-02,452.17
2014-05-03,434.5
2014-05-04,438.4
2014-05-05,427.22
2014-05-06,428.4
2014-05-07,448.97
2014-05-08,442.87
2014-05-09,449.92
2014-05-10,453.7
2014-05-11,438.45
2014-05-12,441.51
2014-05-13,439.2
2014-05-14,445.32
2014-05-15,448.39
2014-05-16,451.64
2014-05-17,450.89
2014-05-18,445.99
2014-05-19,447.78
2014-05-20,489.91
2014-05-21,496.23
2014-05-22,520.8
2014-05-23,531.15
2014-05-24,525.22
2014-05-25,573.79
2014-05-26,582.54
2014-05-27,579.81
2014-05-28,572.56
2014-05-29,567.5
2014-05-30,613.0
2014-05-31,622.0
2014-06-01,638.85
2014-06-02,641.43
2014-06-03,666.1
2014-06-04,644.9
2014-06-05,659.87
2014-06-06,652.09
2014-06-07,656.0
2014-06-08,652.57
2014-06-09,650.12
2014-06-10,647.81
2014-06-11,635.85
2014-06-12,604.0
2014-06-13,578.12
2014-06-14,552.01
2014-06-15,570.0
2014-06-16,595.89
2014-06-17,598.88
2014-06-18,608.49
2014-06-19,605.77
2014-06-20,595.25
2014-06-21,592.17
2014-06-22,597.72
2014-06-23,589.22
2014-06-24,586.04
2014-06-25,570.05
2014-06-26,570.71
2014-06-27,587.83
2014-06-28,597.75
2014-06-29,593.16
2014-06-30,643.41
2014-07-01,653.9
2014-07-02,653.2
2014-07-03,644.37
2014-07-04,633.97
2014-07-05,629.99
2014-07-06,637.2
2014-07-07,627.0
2014-07-08,624.95
2014-07-09,624.48
2014-07-10,617.6
2014-07-11,634.91
2014-07-12,634.07
2014-07-13,629.92
2014-07-14,623.99
2014-07-15,624.98
2014-07-16,620.0
2014-07-17,625.4
2014-07-18,625.55
2014-07-19,631.96
2014-07-20,625.0
2014-07-21,621.99
2014-07-22,622.15
2014-07-23,618.32
2014-07-24,598.99
2014-07-25,600.11
2014-07-26,596.12
2014-07-27,595.28
2014-07-28,590.52
2014-07-29,585.0
2014-07-30,567.1
2014-07-31,588.5
2014-08-01,598.99
2014-08-02,593.65
2014-08-03,586.15
2014-08-04,587.92
2014-08-05,580.3
2014-08-06,582.04
2014-08-07,589.98
2014-08-08,591.25
2014-08-09,587.44
2014-08-10,587.5
2014-08-11,578.98
2014-08-12,570.49
2014-08-13,547.08
2014-08-14,515.76
2014-08-15,495.19
2014-08-16,512.0
2014-08-17,487.5
2014-08-18,463.43
2014-08-19,493.9
2014-08-20,522.05
2014-08-21,526.52
2014-08-22,512.0
2014-08-23,497.0
2014-08-24,511.47
2014-08-25,506.22
2014-08-26,512.78
2014-08-27,516.51
2014-08-28,509.74
2014-08-29,509.43
2014-08-30,502.64
2014-08-31,477.78
2014-09-01,483.08
2014-09-02,477.0
2014-09-03,474.63
2014-09-04,486.3
2014-09-05,480.54
2014-09-06,482.9
2014-09-07,479.78
2014-09-08,469.73
2014-09-09,469.56
2014-09-10,483.0
2014-09-11,474.17
2014-09-12,471.55
2014-09-13,479.76
2014-09-14,477.35
2014-09-15,474.61
2014-09-16,465.89
2014-09-17,447.93
2014-09-18,418.93
2014-09-19,400.0
2014-09-20,408.19
2014-09-21,404.62
2014-09-22,402.4
2014-09-23,437.71
2014-09-24,429.63
2014-09-25,409.66
2014-09-26,405.6
2014-09-27,400.8
2014-09-28,381.91
2014-09-29,374.83
2014-09-30,392.64
2014-10-01,385.12
2014-10-02,377.3
2014-10-03,361.9
2014-10-04,328.0
2014-10-05,321.63
2014-10-06,330.25
2014-10-07,329.28
2014-10-08,346.71
2014-10-09,373.98
2014-10-10,358.54
2014-10-11,363.89
2014-10-12,375.01
2014-10-13,384.0
2014-10-14,412.41
2014-10-15,391.53
2014-10-16,372.4
2014-10-17,378.5
2014-10-18,391.51
2014-10-19,388.9
2014-10-20,383.14
2014-10-21,386.43
2014-10-22,384.92
2014-10-23,361.75
2014-10-24,359.47
2014-10-25,348.09
2014-10-26,354.38
2014-10-27,354.73
2014-10-28,354.54
2014-10-29,341.67
2014-10-30,346.98
2014-10-31,341.82
2014-11-01,322.97
2014-11-02,326.65
2014-11-03,328.14
2014-11-04,330.58
2014-11-05,341.9
2014-11-06,346.98
2014-11-07,342.0
2014-11-08,344.11
2014-11-09,355.71
2014-11-10,374.32
2014-11-11,365.09
2014-11-12,419.06
2014-11-13,383.55
2014-11-14,397.5
2014-11-15,374.87
2014-11-16,384.72
2014-11-17,380.6
2014-11-18,378.34
2014-11-19,377.55
2014-11-20,361.2
2014-11-21,357.02
2014-11-22,358.22
2014-11-23,363.56
2014-11-24,382.01
2014-11-25,379.48
2014-11-26,367.92
2014-11-27,371.25
2014-11-28,375.26
2014-11-29,377.16
2014-11-30,376.43
2014-12-01,377.0
2014-12-02,380.0
2014-12-03,379.38
2014-12-04,372.02
2014-12-05,373.97
2014-12-06,374.36
2014-12-07,376.02
2014-12-08,366.99
2014-12-09,352.53
2014-12-10,349.99
2014-12-11,357.0
2014-12-12,356.51
2014-12-13,348.63
2014-12-14,353.87
2014-12-15,351.86
2014-12-16,335.47
2014-12-17,317.36
2014-12-18,317.11
2014-12-19,315.71
2014-12-20,325.34
2014-12-21,327.92
2014-12-22,332.18
2014-12-23,336.3
2014-12-24,325.7
2014-12-25,318.38
2014-12-26,329.24
2014-12-27,314.0
2014-12-28,317.66
2014-12-29,312.7
2014-12-30,314.0
2014-12-31,316.67
2015-01-01,315.38
2015-01-02,315.95
2015-01-03,300.0
2015-01-04,267.46
2015-01-05,276.8
2015-01-06,276.8
2015-01-07,276.8
2015-01-08,276.8
2015-01-09,276.8
2015-01-10,278.86
2015-01-11,271.0
2015-01-12,270.97
2015-01-13,232.55
2015-01-14,180.79
2015-01-15,218.83
2015-01-16,206.6
2015-01-17,198.56
2015-01-18,209.34
2015-01-19,212.28
2015-01-20,211.78
2015-01-21,214.53
2015-01-22,233.87
2015-01-23,232.9
2015-01-24,244.77
2015-01-25,247.91
2015-01-26,262.98
2015-01-27,265.59
2015-01-28,239.01
2015-01-29,235.45
2015-01-30,231.6
2015-01-31,230.59
2015-02-01,224.0
2015-02-02,226.1
2015-02-03,233.57
2015-02-04,224.83
2015-02-05,216.25
2015-02-06,223.01
2015-02-07,227.95
2015-02-08,222.49
2015-02-09,219.8
2015-02-10,220.11
2015-02-11,222.78
2015-02-12,222.54
2015-02-13,236.99
2015-02-14,246.57
2015-02-15,243.97
2015-02-16,237.38
2015-02-17,245.13
2015-02-18,234.97
2015-02-19,242.03
2015-02-20,243.97
2015-02-21,244.07
2015-02-22,234.15
2015-02-23,237.45
2015-02-24,240.18
2015-02-25,238.89
2015-02-26,237.65
2015-02-27,254.54
2015-02-28,252.0
2015-03-01,247.87
2015-03-02,264.96
2015-03-03,279.0
2015-03-04,279.38
2015-03-05,268.44
2015-03-06,272.12
2015-03-07,276.46
2015-03-08,274.75
2015-03-09,287.63
2015-03-10,293.0
2015-03-11,294.5
2015-03-12,297.22
2015-03-13,288.15
2015-03-14,283.43
2015-03-15,285.87
2015-03-16,289.0
2015-03-17,288.26
2015-03-18,265.58
2015-03-19,254.93
2015-03-20,262.97
2015-03-21,260.0
2015-03-22,268.25
2015-03-23,262.18
2015-03-24,247.41
2015-03-25,244.1
2015-03-26,253.0
2015-03-27,248.56
2015-03-28,251.19
2015-03-29,244.2
2015-03-30,247.85
2015-03-31,242.92
2015-04-01,245.0
2015-04-02,253.64
2015-04-03,254.07
2015-04-04,252.5
2015-04-05,256.98
2015-04-06,255.0
2015-04-07,255.52
2015-04-08,243.89
2015-04-09,242.39
2015-04-10,235.0
2015-04-11,236.21
2015-04-12,236.31
2015-04-13,224.97
2015-04-14,216.97
2015-04-15,219.83
2015-04-16,228.52
2015-04-17,223.94
2015-04-18,222.93
2015-04-19,223.26
2015-04-20,224.27
2015-04-21,226.33
2015-04-22,237.19
2015-04-23,234.9
2015-04-24,231.55
2015-04-25,228.12
2015-04-26,218.01
2015-04-27,221.54
2015-04-28,225.12
2015-04-29,226.07
2015-04-30,236.76
2015-05-01,234.17
2015-05-02,234.75
2015-05-03,240.74
2015-05-04,237.01
2015-05-05,233.68
2015-05-06,234.41
2015-05-07,236.82
2015-05-08,245.0
2015-05-09,241.37
2015-05-10,239.96
2015-05-11,242.36
2015-05-12,241.94
2015-05-13,243.44
2015-05-14,237.5
2015-05-15,237.4
2015-05-16,235.57
2015-05-17,236.55
2015-05-18,235.96
2015-05-19,233.05
2015-05-20,233.77
2015-05-21,235.36
2015-05-22,239.8
2015-05-23,238.55
2015-05-24,240.79
2015-05-25,235.56
2015-05-26,236.19
2015-05-27,235.42
2015-05-28,236.07
2015-05-29,236.0
2015-05-30,231.06
2015-05-31,231.52
2015-06-01,222.64
2015-06-02,225.42
2015-06-03,226.89
2015-06-04,224.9
2015-06-05,224.82
2015-06-06,224.79
2015-06-07,222.5
2015-06-08,229.2
2015-06-09,229.02
2015-06-10,228.31
2015-06-11,228.49
2015-06-12,229.66
2015-06-13,230.48
2015-06-14,232.1
2015-06-15,236.89
2015-06-16,246.1
2015-06-17,251.0
2015-06-18,247.91
2015-06-19,245.0
2015-06-20,244.62
2015-06-21,242.0
2015-06-22,245.95
2015-06-23,244.67
2015-06-24,241.43
2015-06-25,241.57
2015-06-26,241.25
2015-06-27,247.7
2015-06-28,247.34
2015-06-29,254.36
2015-06-30,261.78
2015-07-01,258.55
2015-07-02,254.97
2015-07-03,255.37
2015-07-04,257.16
2015-07-05,269.95
2015-07-06,275.0
2015-07-07,266.52
2015-07-08,269.51
2015-07-09,268.5
2015-07-10,293.12
2015-07-11,294.0
2015-07-12,308.93
2015-07-13,288.04
2015-07-14,290.1
2015-07-15,291.3
2015-07-16,276.8
2015-07-17,279.5
2015-07-18,277.07
2015-07-19,275.83
2015-07-20,278.64
2015-07-21,279.8
2015-07-22,276.12
2015-07-23,277.18
2015-07-24,288.77
2015-07-25,288.49
2015-07-26,291.28
2015-07-27,295.16
2015-07-28,293.99
2015-07-29,291.15
2015-07-30,287.4
2015-07-31,286.11
2015-08-01,281.28
2015-08-02,281.99
2015-08-03,283.76
2015-08-04,284.76
2015-08-05,282.16
2015-08-06,277.83
2015-08-07,279.89
2015-08-08,269.87
2015-08-09,262.85
2015-08-10,264.06
2015-08-11,265.9
2015-08-12,269.03
2015-08-13,265.44
2015-08-14,266.5
2015-08-15,263.34
2015-08-16,256.0
2015-08-17,258.13
2015-08-18,252.39
2015-08-19,232.17
2015-08-20,235.83
2015-08-21,233.81
2015-08-22,226.34
2015-08-23,227.81
2015-08-24,216.24
2015-08-25,224.47
2015-08-26,227.63
2015-08-27,227.16
2015-08-28,233.15
2015-08-29,228.4
2015-08-30,227.8
2015-08-31,231.57
2015-09-01,227.31
2015-09-02,228.4
2015-09-03,227.08
2015-09-04,230.84
2015-09-05,234.73
2015-09-06,239.99
2015-09-07,240.17
2015-09-08,243.76
2015-09-09,240.26
2015-09-10,238.9
2015-09-11,239.45
2015-09-12,234.66
2015-09-13,229.83
2015-09-14,231.48
2015-09-15,229.1
2015-09-16,227.55
2015-09-17,233.08
2015-09-18,233.62
2015-09-19,231.1
2015-09-20,229.16
2015-09-21,226.9
2015-09-22,230.48
2015-09-23,230.46
2015-09-24,235.31
2015-09-25,235.44
2015-09-26,234.05
2015-09-27,232.62
2015-09-28,238.31
2015-09-29,237.5
2015-09-30,237.33
2015-10-01,238.3
2015-10-02,237.68
2015-10-03,239.34
2015-10-04,238.47
2015-10-05,239.24
2015-10-06,246.71
2015-10-07,245.28
2015-10-08,244.16
2015-10-09,244.48
2015-10-10,245.27
2015-10-11,247.75
2015-10-12,246.53
2015-10-13,250.25
2015-10-14,253.79
2015-10-15,254.43
2015-10-16,265.93
2015-10-17,264.62
2015-10-18,263.4
2015-10-19,263.82
2015-10-20,270.88
2015-10-21,269.04
2015-10-22,273.14
2015-10-23,278.38
2015-10-24,279.97
2015-10-25,293.99
2015-10-26,283.87
2015-10-27,296.1
2015-10-28,300.75
2015-10-29,311.97
2015-10-30,327.05
2015-10-31,311.64
2015-11-01,313.99
2015-11-02,342.54
2015-11-03,417.0
2015-11-04,475.5
2015-11-05,404.46
2015-11-06,380.11
2015-11-07,388.0
2015-11-08,381.02
2015-11-09,379.99
2015-11-10,351.9
2015-11-11,308.65
2015-11-12,324.03
2015-11-13,332.11
2015-11-14,332.72
2015-11-15,321.14
2015-11-16,330.77
2015-11-17,336.5
2015-11-18,333.49
2015-11-19,329.0
2015-11-20,319.06
2015-11-21,325.18
2015-11-22,322.96
2015-11-23,323.98
2015-11-24,321.68
2015-11-25,325.72
2015-11-26,350.03
2015-11-27,359.86
2015-11-28,356.66
2015-11-29,362.3
2015-11-30,374.19
2015-12-01,362.78
2015-12-02,358.62
2015-12-03,364.07
2015-12-04,361.37
2015-12-05,377.5
2015-12-06,391.62
2015-12-07,395.58
2015-12-08,395.38
2015-12-09,411.99
2015-12-10,415.6
2015-12-11,443.36
2015-12-12,424.69
2015-12-13,438.83
2015-12-14,444.78
2015-12-15,458.68
2015-12-16,454.87
2015-12-17,454.13
2015-12-18,458.21
2015-12-19,459.73
2015-12-20,441.28
2015-12-21,435.0
2015-12-22,433.53
2015-12-23,443.16
2015-12-24,453.38
2015-12-25,455.23
2015-12-26,415.58
2015-12-27,419.35
2015-12-28,423.74
2015-12-29,430.0
2015-12-30,426.88
2015-12-31,431.28
2016-01-01,432.02
2016-01-02,433.47
2016-01-03,426.99
2016-01-04,433.15
2016-01-05,432.31
2016-01-06,430.5
2016-01-07,456.75
2016-01-08,450.0
2016-01-09,450.15
2016-01-10,446.85
2016-01-11,447.95
2016-01-12,446.63
2016-01-13,429.5
2016-01-14,432.0
2016-01-15,390.82
2016-01-16,374.59
2016-01-17,386.08
2016-01-18,385.48
2016-01-19,379.24
2016-01-20,408.57
2016-01-21,408.1
2016-01-22,383.7
2016-01-23,388.71
2016-01-24,403.72
2016-01-25,389.89
2016-01-26,393.48
2016-01-27,394.43
2016-01-28,382.45
2016-01-29,376.47
2016-01-30,377.71
2016-01-31,375.98
2016-02-01,371.91
2016-02-02,373.05
2016-02-03,368.88
2016-02-04,383.47
2016-02-05,386.7
2016-02-06,375.52
2016-02-07,374.48
2016-02-08,375.36
2016-02-09,373.56
2016-02-10,379.75
2016-02-11,375.97
2016-02-12,382.0
2016-02-13,389.6
2016-02-14,399.8
2016-02-15,401.91
2016-02-16,406.34
2016-02-17,420.9
2016-02-18,418.0
2016-02-19,417.38
2016-02-20,443.4
2016-02-21,434.46
2016-02-22,438.5
2016-02-23,416.46
2016-02-24,422.69
2016-02-25,422.18
2016-02-26,424.45
2016-02-27,431.99
2016-02-28,432.35
2016-02-29,435.9
2016-03-01,431.78
2016-03-02,429.37
2016-03-03,420.68
2016-03-04,417.5
2016-03-05,398.5
2016-03-06,408.51
2016-03-07,412.49
2016-03-08,410.83
2016-03-09,412.99
2016-03-10,415.99
2016-03-11,420.95
2016-03-12,409.09
2016-03-13,412.69
2016-03-14,413.89
2016-03-15,415.98
2016-03-16,415.98
2016-03-17,418.88
2016-03-18,404.02
2016-03-19,404.93
2016-03-20,411.26
2016-03-21,411.37
2016-03-22,416.0
2016-03-23,418.67
2016-03-24,416.49
2016-03-25,416.0
2016-03-26,416.1
2016-03-27,426.0
2016-03-28,422.09
2016-03-29,414.0
2016-03-30,412.99
2016-03-31,416.43
2016-04-01,415.59
2016-04-02,418.89
2016-04-03,418.21
2016-04-04,419.66
2016-04-05,420.83
2016-04-06,421.74
2016-04-07,420.0
2016-04-08,418.51
2016-04-09,418.0
2016-04-10,420.66
2016-04-11,421.74
2016-04-12,424.12
2016-04-13,424.41
2016-04-14,424.95
2016-04-15,428.31
2016-04-16,429.81
2016-04-17,426.69
2016-04-18,426.64
2016-04-19,430.0
2016-04-20,440.78
2016-04-21,449.99
2016-04-22,449.0
2016-04-23,448.33
2016-04-24,462.49
2016-04-25,463.1
2016-04-26,469.31
2016-04-27,452.96
2016-04-28,448.92
2016-04-29,455.0
2016-04-30,449.02
2016-05-01,451.98
2016-05-02,442.25
2016-05-03,451.3
2016-05-04,446.7
2016-05-05,449.27
2016-05-06,456.0
2016-05-07,460.04
2016-05-08,458.1
2016-05-09,461.0
2016-05-10,453.14
2016-05-11,452.93
2016-05-12,452.81
2016-05-13,455.75
2016-05-14,456.47
2016-05-15,457.42
2016-05-16,453.59
2016-05-17,453.42
2016-05-18,454.02
2016-05-19,441.94
2016-05-20,441.35
2016-05-21,443.21
2016-05-22,438.82
2016-05-23,442.03
2016-05-24,445.7
2016-05-25,448.21
2016-05-26,452.33
2016-05-27,473.96
2016-05-28,493.0
2016-05-29,536.95
2016-05-30,532.89
2016-05-31,522.72
2016-06-01,533.76
2016-06-02,534.01
2016-06-03,569.79
2016-06-04,570.41
2016-06-05,572.02
2016-06-06,583.99
2016-06-07,573.62
2016-06-08,580.21
2016-06-09,576.8
2016-06-10,577.9
2016-06-11,583.7
2016-06-12,646.89
2016-06-13,687.31
2016-06-14,683.04
2016-06-15,693.85
2016-06-16,767.78
2016-06-17,756.0
2016-06-18,769.07
2016-06-19,760.0
2016-06-20,732.73
2016-06-21,649.98
2016-06-22,622.4
2016-06-23,605.74
2016-06-24,658.44
2016-06-25,652.74
2016-06-26,624.95
2016-06-27,643.54
2016-06-28,646.17
2016-06-29,632.91
2016-06-30,664.01
2016-07-01,676.0
2016-07-02,695.02
2016-07-03,664.78
2016-07-04,673.55
2016-07-05,670.79
2016-07-06,675.64
2016-07-07,619.08
2016-07-08,653.97
2016-07-09,641.96
2016-07-10,647.48
2016-07-11,648.64
2016-07-12,667.55
2016-07-13,656.11
2016-07-14,661.82
2016-07-15,663.48
2016-07-16,663.65
2016-07-17,679.95
2016-07-18,671.01
2016-07-19,669.1
2016-07-20,666.22
2016-07-21,664.5
2016-07-22,655.98
2016-07-23,654.8
2016-07-24,661.31
2016-07-25,655.12
2016-07-26,653.39
2016-07-27,656.38
2016-07-28,655.11
2016-07-29,657.19
2016-07-30,653.23
2016-07-31,631.09
2016-08-01,613.21
2016-08-02,564.95
2016-08-03,566.92
2016-08-04,561.99
2016-08-05,574.4
2016-08-06,582.96
2016-08-07,587.94
2016-08-08,589.77
2016-08-09,583.25
2016-08-10,595.44
2016-08-11,589.58
2016-08-12,584.8
2016-08-13,584.86
2016-08-14,564.97
2016-08-15,565.66
2016-08-16,578.63
2016-08-17,570.48
2016-08-18,571.67
2016-08-19,573.86
2016-08-20,578.0
2016-08-21,577.11
2016-08-22,582.99
2016-08-23,580.04
2016-08-24,579.51
2016-08-25,575.03
2016-08-26,578.06
2016-08-27,568.87
2016-08-28,570.06
2016-08-29,574.09
2016-08-30,575.07
2016-08-31,571.78
2016-09-01,570.36
2016-09-02,572.0
2016-09-03,588.8
2016-09-04,601.87
2016-09-05,602.99
2016-09-06,608.91
2016-09-07,613.95
2016-09-08,624.25
2016-09-09,620.84
2016-09-10,623.12
2016-09-11,600.61
2016-09-12,606.24
2016-09-13,607.89
2016-09-14,609.58
2016-09-15,605.53
2016-09-16,607.39
2016-09-17,604.48
2016-09-18,607.83
2016-09-19,607.36
2016-09-20,606.81
2016-09-21,594.48
2016-09-22,594.53
2016-09-23,600.19
2016-09-24,600.24
2016-09-25,598.37
2016-09-26,604.07
2016-09-27,605.73
2016-09-28,603.96
2016-09-29,604.2
2016-09-30,604.84
2016-10-01,612.74
2016-10-02,608.9
2016-10-03,611.16
2016-10-04,607.73
2016-10-05,609.98
2016-10-06,610.39
2016-10-07,613.23
2016-10-08,614.72
2016-10-09,613.06
2016-10-10,614.5
2016-10-11,638.0
2016-10-12,636.51
2016-10-13,635.67
2016-10-14,638.67
2016-10-15,638.15
2016-10-16,639.0
2016-10-17,636.93
2016-10-18,635.12
2016-10-19,627.28
2016-10-20,627.22
2016-10-21,630.16
2016-10-22,652.87
2016-10-23,649.0
2016-10-24,648.85
2016-10-25,653.76
2016-10-26,672.06
2016-10-27,682.46
2016-10-28,683.63
2016-10-29,712.17
2016-10-30,699.63
2016-10-31,704.89
2016-11-01,726.39
2016-11-02,725.85
2016-11-03,702.98
2016-11-04,694.99
2016-11-05,702.36
2016-11-06,704.97
2016-11-07,706.97
2016-11-08,707.47
2016-11-09,723.94
2016-11-10,714.17
2016-11-11,716.28
2016-11-12,702.9
2016-11-13,698.6
2016-11-14,698.45
2016-11-15,716.38
2016-11-16,736.55
2016-11-17,741.76
2016-11-18,744.16
2016-11-19,748.92
2016-11-20,716.05
2016-11-21,735.46
2016-11-22,747.94
2016-11-23,735.6
2016-11-24,732.15
2016-11-25,734.5
2016-11-26,729.05
2016-11-27,728.15
2016-11-28,731.14
2016-11-29,732.45
2016-11-30,741.55
2016-12-01,752.97
2016-12-02,767.53
2016-12-03,764.95
2016-12-04,757.99
2016-12-05,749.8
2016-12-06,753.3
2016-12-07,768.22
2016-12-08,768.22
2016-12-09,769.42
2016-12-10,772.43
2016-12-11,769.49
2016-12-12,777.71
2016-12-13,779.53
2016-12-14,773.57
2016-12-15,776.7
2016-12-16,779.93
2016-12-17,788.21
2016-12-18,785.76
2016-12-19,790.11
2016-12-20,791.84
2016-12-21,820.8
2016-12-22,861.98
2016-12-23,895.17
2016-12-24,895.42
2016-12-25,880.19
2016-12-26,900.0
2016-12-27,935.9
2016-12-28,959.99
2016-12-29,958.82
2016-12-30,954.86
2016-12-31,963.16
2017-01-01,996.22
2017-01-02,1012.99
2017-01-03,1020.34
2017-01-04,1134.81
2017-01-05,979.52
2017-01-06,890.78
2017-01-07,892.01
2017-01-08,903.33
2017-01-09,888.63
2017-01-10,903.08
2017-01-11,773.45
2017-01-12,806.97
2017-01-13,825.39
2017-01-14,831.86
2017-01-15,814.06
2017-01-16,829.19
2017-01-17,904.0
2017-01-18,868.0
2017-01-19,904.26
2017-01-20,895.07
2017-01-21,920.33
2017-01-22,913.36
2017-01-23,920.26
2017-01-24,909.07
2017-01-25,894.64
2017-01-26,910.03
2017-01-27,919.0
2017-01-28,916.32
2017-01-29,912.54
2017-01-30,919.35
2017-01-31,955.79
2017-02-01,975.84
2017-02-02,1000.96
2017-02-03,1012.99
2017-02-04,1035.56
2017-02-05,1007.44
2017-02-06,1020.0
2017-02-07,1048.28
2017-02-08,1058.57
2017-02-09,976.03
2017-02-10,986.59
2017-02-11,1013.74
2017-02-12,999.01
2017-02-13,1000.18
2017-02-14,1008.19
2017-02-15,1009.34
2017-02-16,1039.84
2017-02-17,1055.12
2017-02-18,1060.44
2017-02-19,1045.2
2017-02-20,1060.12
2017-02-21,1114.39
2017-02-22,1134.15
2017-02-23,1161.0
2017-02-24,1189.01
2017-02-25,1152.98
2017-02-26,1174.8
2017-02-27,1193.04
2017-02-28,1195.39
2017-03-01,1221.7
2017-03-02,1263.53
2017-03-03,1270.46
2017-03-04,1257.18
2017-03-05,1268.84
2017-03-06,1276.91
2017-03-07,1250.87
2017-03-08,1186.13
2017-03-09,1199.76
2017-03-10,1247.93
2017-03-11,1172.96
2017-03-12,1230.4
2017-03-13,1240.42
2017-03-14,1249.88
2017-03-15,1249.81
2017-03-16,1187.2
2017-03-17,1123.46
2017-03-18,979.9
2017-03-19,1053.0
2017-03-20,1034.94
2017-03-21,1110.57
2017-03-22,1012.07
2017-03-23,1039.24
2017-03-24,975.85
2017-03-25,942.01
2017-03-26,977.88
2017-03-27,1013.01
2017-03-28,1025.59
2017-03-29,1035.89
2017-03-30,1028.02
2017-03-31,1069.99
2017-04-01,1072.73
2017-04-02,1095.01
2017-04-03,1146.21
2017-04-04,1140.0
2017-04-05,1131.2
2017-04-06,1184.78
2017-04-07,1195.01
2017-04-08,1178.89
2017-04-09,1211.96
2017-04-10,1207.57
2017-04-11,1217.54
2017-04-12,1217.1
2017-04-13,1169.99
2017-04-14,1167.35
2017-04-15,1181.61
2017-04-16,1172.0
2017-04-17,1185.65
2017-04-18,1202.04
2017-04-19,1205.5
2017-04-20,1227.33
2017-04-21,1238.85
2017-04-22,1240.78
2017-04-23,1239.5
2017-04-24,1252.31
2017-04-25,1276.23
2017-04-26,1300.82
2017-04-27,1327.28
2017-04-28,1314.05
2017-04-29,1336.03
2017-04-30,1334.83
2017-05-01,1407.9
2017-05-02,1433.07
2017-05-03,1491.54
2017-05-04,1539.64
2017-05-05,1517.84
2017-05-06,1558.04
2017-05-07,1530.57
2017-05-08,1604.39
2017-05-09,1744.35
2017-05-10,1771.12
2017-05-11,1836.09
2017-05-12,1680.0
2017-05-13,1720.91
2017-05-14,1757.0
2017-05-15,1691.9
2017-05-16,1730.67
2017-05-17,1795.0
2017-05-18,1858.91
2017-05-19,1925.0
2017-05-20,1974.98
2017-05-21,2008.69
2017-05-22,2138.01
2017-05-23,2239.99
2017-05-24,2470.0
2017-05-25,2369.87
2017-05-26,2287.92
2017-05-27,2133.0
2017-05-28,2155.44
2017-05-29,2317.65
2017-05-30,2251.0
2017-05-31,2304.63
2017-06-01,2390.0
2017-06-02,2418.78
2017-06-03,2571.87
2017-06-04,2484.64
2017-06-05,2634.99
2017-06-06,2860.57
2017-06-07,2778.01
2017-06-08,2758.0
2017-06-09,2844.0
2017-06-10,2879.0
2017-06-11,2940.48
2017-06-12,2550.01
2017-06-13,2709.77
2017-06-14,2540.73
2017-06-15,2326.49
2017-06-16,2518.53
2017-06-17,2651.91
2017-06-18,2494.28
2017-06-19,2557.52
2017-06-20,2768.0
2017-06-21,2681.7
2017-06-22,2716.6
2017-06-23,2725.0
2017-06-24,2528.21
2017-06-25,2496.64
2017-06-26,2345.05
2017-06-27,2412.99
2017-06-28,2559.33
2017-06-29,2573.99
2017-06-30,2519.89
2017-07-01,2439.99
2017-07-02,2489.98
2017-07-03,2553.98
2017-07-04,2564.55
2017-07-05,2618.15
2017-07-06,2603.78
2017-07-07,2528.95
2017-07-08,2545.49
2017-07-09,2538.6
2017-07-10,2407.0
2017-07-11,2315.65
2017-07-12,2385.22
2017-07-13,2347.23
2017-07-14,2199.9
2017-07-15,2078.0
2017-07-16,1866.02
2017-07-17,2123.24
2017-07-18,2359.95
2017-07-19,2234.99
2017-07-20,2648.87
2017-07-21,2629.0
2017-07-22,2810.86
2017-07-23,2761.85
2017-07-24,2772.73
2017-07-25,2489.99
2017-07-26,2471.42
2017-07-27,2565.11
2017-07-28,2751.9
2017-07-29,2736.58
2017-07-30,2718.07
2017-07-31,2837.44
2017-08-01,2775.38
2017-08-02,2707.87
2017-08-03,2789.99
2017-08-04,2826.57
2017-08-05,3256.0
2017-08-06,3261.49
2017-08-07,3356.0
2017-08-08,3431.98
2017-08-09,3331.01
2017-08-10,3410.0
2017-08-11,3539.0
2017-08-12,3872.0
2017-08-13,3961.43
2017-08-14,4212.99
2017-08-15,4044.57
2017-08-16,4299.0
2017-08-17,4306.4
2017-08-18,4119.67
2017-08-19,4054.4
2017-08-20,4088.4
2017-08-21,4014.21
2017-08-22,4089.61
2017-08-23,4100.0
2017-08-24,4227.62
2017-08-25,4324.84
2017-08-26,4323.69
2017-08-27,4354.9
2017-08-28,4341.84
2017-08-29,4584.86
2017-08-30,4550.0
2017-08-31,4719.85
2017-09-01,4870.0
2017-09-02,4605.89
2017-09-03,4550.0
2017-09-04,4250.97
2017-09-05,4412.81
2017-09-06,4608.52
2017-09-07,4602.71
2017-09-08,4197.2
2017-09-09,4276.3
2017-09-10,4293.55
2017-09-11,4197.67
2017-09-12,4164.85
2017-09-13,3850.0
2017-09-14,3359.0
2017-09-15,3682.02
2017-09-16,3692.97
2017-09-17,3704.76
2017-09-18,4016.21
2017-09-19,3897.97
2017-09-20,3948.46
2017-09-21,3631.81
2017-09-22,3595.93
2017-09-23,3770.0
2017-09-24,3694.97
2017-09-25,3926.0
2017-09-26,3908.26
2017-09-27,4183.39
2017-09-28,4152.0
2017-09-29,4162.95
2017-09-30,4318.07
2017-10-01,4289.17
2017-10-02,4407.0
2017-10-03,4272.02
2017-10-04,4206.26
2017-10-05,4355.35
2017-10-06,4338.01
2017-10-07,4338.92
2017-10-08,4583.97
2017-10-09,4780.0
2017-10-10,4861.47
2017-10-11,4831.09
2017-10-12,5289.74
2017-10-13,5502.0
2017-10-14,5694.2
2017-10-15,5492.8
2017-10-16,5720.28
2017-10-17,5628.32
2017-10-18,5390.69
2017-10-19,5627.36
2017-10-20,6045.0
2017-10-21,6027.05
2017-10-22,5872.0
2017-10-23,5930.87
2017-10-24,5685.0
2017-10-25,5655.0
2017-10-26,5892.8
2017-10-27,5741.45
2017-10-28,5781.82
2017-10-29,6145.39
2017-10-30,6079.9
2017-10-31,6343.37
2017-11-01,6595.94
2017-11-02,6974.49
2017-11-03,7294.0
2017-11-04,7458.0
2017-11-05,7528.0
2017-11-06,7001.17
2017-11-07,7108.89
2017-11-08,7342.0
2017-11-09,7208.6
2017-11-10,6490.6
2017-11-11,6253.03
2017-11-12,6176.06
2017-11-13,6390.01
2017-11-14,6530.0
2017-11-15,7142.5
2017-11-16,7820.0
2017-11-17,7835.0
2017-11-18,7756.0
2017-11-19,7970.0
2017-11-20,8190.79
2017-11-21,8249.0
2017-11-22,8145.11
2017-11-23,8129.0
2017-11-24,8243.26
2017-11-25,8610.11
2017-11-26,9350.45
2017-11-27,9499.96
2017-11-28,9949.37
2017-11-29,10310.68
2017-11-30,9639.17
2017-12-01,10482.2
2017-12-02,10900.01
2017-12-03,11725.0
2017-12-04,11189.39
2017-12-05,11690.0
2017-12-06,12828.06
2017-12-07,15715.2
2017-12-08,15029.98
2017-12-09,14074.4
2017-12-10,14930.55
2017-12-11,16438.0
2017-12-12,17254.45
2017-12-13,15999.5
2017-12-14,16351.39
2017-12-15,17749.0
2017-12-16,18727.47
2017-12-17,18681.19
2017-12-18,18547.81
2017-12-19,18179.96
2017-12-20,16870.93
2017-12-21,15289.97
2017-12-22,13435.0
2017-12-23,14965.04
2017-12-24,12970.0
2017-12-25,14056.13
2017-12-26,15698.48
2017-12-27,15029.99
2017-12-28,13553.32
2017-12-29,14498.0
2017-12-30,12847.32
2017-12-31,13808.19
2018-01-01,13189.36
2018-01-02,14596.11
2018-01-03,14834.3
2018-01-04,14780.4
2018-01-05,16367.42
2018-01-06,16772.83
2018-01-07,16093.08
2018-01-08,14908.69
2018-01-09,14747.78
2018-01-10,14525.4
2018-01-11,13702.83
2018-01-12,13520.0
2018-01-13,14254.98
2018-01-14,13563.11
2018-01-15,13942.18
2018-01-16,11554.53
2018-01-17,9780.36
2018-01-18,11788.35
2018-01-19,11270.01
2018-01-20,12968.01
2018-01-21,11514.92
2018-01-22,10488.78
2018-01-23,11234.98
2018-01-24,11047.74
2018-01-25,11246.98
2018-01-26,11047.11
2018-01-27,11444.99
2018-01-28,11599.99
2018-01-29,11231.48
2018-01-30,9950.45
2018-01-31,9974.52
2018-02-01,8970.0
2018-02-02,8580.0
2018-02-03,9386.72
2018-02-04,8301.65
2018-02-05,6877.61
2018-02-06,7162.31
2018-02-07,8239.4
2018-02-08,8218.66
2018-02-09,8622.27
2018-02-10,8322.01
2018-02-11,8325.22
2018-02-12,8655.98
2018-02-13,8570.1
2018-02-14,9291.01
2018-02-15,10071.02
2018-02-16,9959.0
2018-02-17,10796.14
2018-02-18,10790.0
2018-02-19,11102.81
2018-02-20,11671.91
2018-02-21,10541.33
2018-02-22,9890.02
2018-02-23,10209.77
2018-02-24,9570.0
2018-02-25,9455.6
2018-02-26,10267.98
2018-02-27,10623.6
2018-02-28,10483.3
2018-03-01,10934.0
2018-03-02,10933.67
2018-03-03,11458.99
2018-03-04,11350.0
2018-03-05,11667.43
2018-03-06,10712.43
2018-03-07,9689.79
2018-03-08,9350.0
2018-03-09,8888.09
2018-03-10,9122.67
2018-03-11,9637.78
2018-03-12,8929.97
2018-03-13,9049.87
2018-03-14,8291.19
2018-03-15,8215.01
2018-03-16,8550.0
2018-03-17,7835.0
2018-03-18,7473.05
2018-03-19,8395.01
2018-03-20,8941.74
2018-03-21,8889.1
2018-03-22,8616.0
2018-03-23,8628.82
2018-03-24,8917.89
2018-03-25,8615.28
2018-03-26,7919.99
2018-03-27,7894.09
2018-03-28,7905.73
2018-03-29,7346.96
2018-03-30,6823.68
2018-03-31,7058.0
2018-04-01,6910.39
2018-04-02,6977.24
2018-04-03,7470.0
2018-04-04,6855.71
2018-04-05,6772.0
2018-04-06,6619.36
2018-04-07,6996.97
2018-04-08,6990.0
2018-04-09,6674.46
2018-04-10,6849.66
2018-04-11,6915.04
2018-04-12,7678.0
2018-04-13,8099.79
2018-04-14,8021.6
2018-04-15,8297.28
2018-04-16,7996.29
2018-04-17,7872.33
2018-04-18,8116.75
2018-04-19,8245.0
2018-04-20,8511.04
2018-04-21,8795.61
2018-04-22,8870.73
2018-04-23,8849.98
2018-04-24,9462.51
2018-04-25,8969.5
2018-04-26,8872.9
2018-04-27,9091.58
2018-04-28,9398.51
2018-04-29,9314.99
2018-04-30,9326.6
2018-05-01,8959.51
2018-05-02,9111.01
2018-05-03,9638.26
2018-05-04,9644.82
2018-05-05,9838.07
2018-05-06,9488.37
2018-05-07,9421.73
2018-05-08,9239.35
2018-05-09,9281.74
2018-05-10,9089.05
2018-05-11,8613.5
2018-05-12,8492.13
2018-05-13,8625.78
2018-05-14,8756.99
2018-05-15,8555.6
2018-05-16,8252.72
2018-05-17,8176.33
2018-05-18,8231.42
2018-05-19,8313.12
2018-05-20,8517.04
2018-05-21,8373.01
2018-05-22,8187.98
2018-05-23,7590.34
2018-05-24,7585.48
2018-05-25,7427.02
2018-05-26,7519.28
2018-05-27,7302.99
2018-05-28,7239.22
2018-05-29,7470.0
2018-05-30,7314.06
2018-05-31,7539.49
2018-06-01,7436.58
2018-06-02,7659.65
2018-06-03,7709.25
2018-06-04,7499.99
2018-06-05,7620.0
2018-06-06,7527.99
2018-06-07,7692.51
2018-06-08,7630.7
2018-06-09,7619.0
2018-06-10,6839.6
2018-06-11,6757.23
2018-06-12,6514.6
2018-06-13,6292.5
2018-06-14,6644.89
2018-06-15,6551.46
2018-06-16,6490.63
2018-06-17,6512.35
2018-06-18,6693.06
2018-06-19,6742.36
2018-06-20,6752.69
2018-06-21,6720.0
2018-06-22,6194.37
2018-06-23,6146.81
2018-06-24,6192.99
2018-06-25,6257.43
2018-06-26,6171.1
2018-06-27,6142.79
2018-06-28,6088.98
2018-06-29,5876.69
2018-06-30,6325.68
2018-07-01,6320.77
2018-07-02,6615.84
2018-07-03,6603.82
2018-07-04,6687.96
2018-07-05,6506.64
2018-07-06,6567.12
2018-07-07,6541.45
2018-07-08,6760.98
2018-07-09,6706.79
2018-07-10,6373.75
2018-07-11,6350.0
2018-07-12,6174.76
2018-07-13,6174.99
2018-07-14,6267.99
2018-07-15,6362.99
2018-07-16,6675.01
2018-07-17,7295.13
2018-07-18,7400.0
2018-07-19,7448.08
2018-07-20,7344.97
2018-07-21,7424.99
2018-07-22,7520.01
2018-07-23,7744.19
2018-07-24,8266.41
2018-07-25,8163.45
2018-07-26,8262.23
2018-07-27,8208.76
2018-07-28,8192.48
2018-07-29,8212.0
2018-07-30,8111.99
2018-07-31,7751.32
2018-08-01,7560.4
2018-08-02,7537.99
2018-08-03,7377.98
2018-08-04,6991.01
2018-08-05,7013.18
2018-08-06,6938.84
2018-08-07,6999.8
2018-08-08,6338.49
2018-08-09,6471.6
2018-08-10,6407.89
2018-08-11,6393.13
2018-08-12,6321.56
2018-08-13,6237.06
2018-08-14,6090.64
2018-08-15,6378.44
2018-08-16,6405.9
2018-08-17,6501.77
2018-08-18,6366.64
2018-08-19,6380.99
2018-08-20,6446.67
2018-08-21,6433.79
2018-08-22,6435.0
2018-08-23,6419.7
2018-08-24,6619.99
2018-08-25,6710.33
2018-08-26,6707.48
2018-08-27,6737.72
2018-08-28,7092.46
2018-08-29,7005.71
2018-08-30,6813.84
2018-08-31,7041.0
2018-09-01,7253.13
2018-09-02,7308.02
2018-09-03,7306.08
2018-09-04,7348.48
2018-09-05,6902.55
2018-09-06,6455.31
2018-09-07,6417.53
2018-09-08,6180.0
2018-09-09,6381.99
2018-09-10,6288.5
2018-09-11,6255.88
2018-09-12,6308.92
2018-09-13,6450.11
2018-09-14,6540.21
2018-09-15,6537.41
2018-09-16,6504.99
2018-09-17,6266.23
2018-09-18,6300.5
2018-09-19,6410.0
2018-09-20,6418.59
2018-09-21,6753.09
2018-09-22,6716.98
2018-09-23,6685.75
2018-09-24,6619.31
2018-09-25,6360.38
2018-09-26,6487.56
2018-09-27,6651.99
2018-09-28,6670.0
2018-09-29,6565.24
2018-09-30,6575.99
2018-10-01,6551.96
2018-10-02,6530.49
2018-10-03,6433.6
2018-10-04,6565.92
2018-10-05,6538.29
2018-10-06,6547.07
2018-10-07,6531.86
2018-10-08,6630.54
2018-10-09,6585.04
2018-10-10,6537.61
2018-10-11,6197.67
2018-10-12,6215.73
2018-10-13,6202.39
2018-10-14,6243.58
2018-10-15,6390.0
2018-10-16,6436.87
2018-10-17,6431.78
2018-10-18,6399.93
2018-10-19,6386.45
2018-10-20,6399.17
2018-10-21,6438.89
2018-10-22,6389.73
2018-10-23,6406.87
2018-10-24,6421.33
2018-10-25,6410.0
2018-10-26,6403.78
2018-10-27,6402.0
2018-10-28,6390.95
2018-10-29,6245.03
2018-10-30,6259.01
2018-10-31,6305.0
2018-11-01,6320.6
2018-11-02,6355.74
2018-11-03,6332.58
2018-11-04,6440.0
2018-11-05,6372.3
2018-11-06,6423.41
2018-11-07,6512.43
2018-11-08,6413.88
2018-11-09,6330.58
2018-11-10,6352.18
2018-11-11,6318.47
2018-11-12,6318.96
2018-11-13,6261.87
2018-11-14,5559.1
2018-11-15,5510.76
2018-11-16,5536.54
2018-11-17,5487.14
2018-11-18,5568.6
2018-11-19,4945.43
2018-11-20,4545.13
2018-11-21,4428.14
2018-11-22,4433.0
2018-11-23,4226.32
2018-11-24,4209.18
2018-11-25,3694.66
2018-11-26,3813.65
2018-11-27,3725.55
2018-11-28,4233.0
2018-11-29,4217.52
2018-11-30,3970.2
2018-12-01,4202.88
2018-12-02,4098.06
2018-12-03,3835.49
2018-12-04,3908.63
2018-12-05,3732.72
2018-12-06,3595.43
2018-12-07,3240.33
2018-12-08,3384.16
2018-12-09,3563.88
2018-12-10,3402.4
2018-12-11,3344.6
2018-12-12,3447.7
2018-12-13,3382.5
2018-12-14,3178.3
2018-12-15,3152.84
2018-12-16,3206.11
2018-12-17,3533.0
2018-12-18,3491.63
2018-12-19,3795.89
2018-12-20,4044.29
2018-12-21,3939.3
2018-12-22,3853.09
2018-12-23,3980.0
2018-12-24,4053.0
2018-12-25,3735.33
2018-12-26,3755.97
2018-12-27,3740.85
2018-12-28,3865.19
2018-12-29,3836.02
2018-12-30,3812.05
2018-12-31,3750.76
2019-01-01,3659.81
2019-01-02,3850.0
2019-01-03,3782.09
2019-01-04,3757.66
2019-01-05,3845.58
2019-01-06,4050.0
2019-01-07,4015.0
2019-01-08,4003.7
2019-01-09,4009.71
2019-01-10,3613.98
2019-01-11,3653.46
2019-01-12,3631.04
2019-01-13,3504.24
2019-01-14,3676.34
2019-01-15,3632.65
2019-01-16,3608.07
2019-01-17,3632.54
2019-01-18,3600.0
2019-01-19,3703.95
2019-01-20,3519.38
2019-01-21,3542.2
2019-01-22,3590.67
2019-01-23,3580.0
2019-01-24,3560.82
2019-01-25,3543.24
2019-01-26,3560.56
2019-01-27,3545.35
2019-01-28,3417.37
2019-01-29,3400.69
2019-01-30,3444.5
2019-01-31,3400.32
2019-02-01,3441.0
2019-02-02,3431.65
2019-02-03,3421.93
2019-02-04,3417.14
2019-02-05,3420.8
2019-02-06,3367.82
2019-02-07,3358.79
2019-02-08,3620.05
2019-02-09,3605.86
2019-02-10,3609.0
2019-02-11,3594.9
2019-02-12,3597.46
2019-02-13,3578.7
2019-02-14,3574.68
2019-02-15,3566.76
2019-02-16,3592.51
2019-02-17,3572.56
2019-02-18,3882.45
2019-02-19,3927.9
2019-02-20,3924.17
2019-02-21,3880.25
2019-02-22,3940.69
2019-02-23,4092.39
2019-02-24,3777.65
2019-02-25,3857.2
2019-02-26,3792.86
2019-02-27,3796.85
2019-02-28,3815.17
2019-03-01,3834.34
2019-03-02,3803.95
2019-03-03,3791.06
2019-03-04,3708.7
2019-03-05,3838.42
2019-03-06,3849.03
2019-03-07,3869.47
2019-03-08,3888.0
2019-03-09,3908.21
2019-03-10,3882.61
2019-03-11,3841.46
2019-03-12,3854.98
2019-03-13,3853.3
2019-03-14,3851.14
2019-03-15,3905.53
2019-03-16,3976.53
2019-03-17,3972.84
2019-03-18,3962.57
2019-03-19,3994.57
2019-03-20,4011.9
2019-03-21,3974.79
2019-03-22,3991.43
2019-03-23,3971.97
2019-03-24,3961.0
2019-03-25,3897.69
2019-03-26,3913.9
2019-03-27,4005.0
2019-03-28,4011.19
2019-03-29,4077.4
2019-03-30,4078.01
2019-03-31,4095.43
2019-04-01,4133.8
2019-04-02,4759.87
2019-04-03,5142.23
2019-04-04,4823.13
2019-04-05,5012.0
2019-04-06,5156.1
2019-04-07,5134.67
2019-04-08,5201.53
2019-04-09,5215.8
2019-04-10,5402.01
2019-04-11,5073.78
2019-04-12,5057.29
2019-04-13,5078.19
2019-04-14,5087.2
2019-04-15,5015.84
2019-04-16,5191.57
2019-04-17,5237.36
2019-04-18,5290.97
2019-04-19,5296.38
2019-04-20,5318.89
2019-04-21,5259.38
2019-04-22,5387.58
2019-04-23,5588.94
2019-04-24,5431.44
2019-04-25,5487.44
2019-04-26,5081.38
2019-04-27,5202.68
2019-04-28,5144.28
2019-04-29,5154.4
2019-04-30,5234.42
2019-05-01,5300.97
2019-05-02,5399.38
2019-05-03,5675.26
2019-05-04,5609.42
2019-05-05,5701.1
2019-05-06,5734.61
2019-05-07,5843.11
2019-05-08,5900.71
2019-05-09,6064.71
2019-05-10,6368.52
2019-05-11,6937.87
2019-05-12,7012.95
2019-05-13,7909.0
2019-05-14,7771.42
2019-05-15,8198.5
2019-05-16,7846.02
2019-05-17,7143.49
2019-05-18,7233.96
2019-05-19,7952.64
2019-05-20,7815.57
2019-05-21,8024.71
2019-05-22,7936.55
2019-05-23,7793.48
2019-05-24,8061.99
2019-05-25,8015.54
2019-05-26,8586.88
2019-05-27,8808.53
2019-05-28,8698.78
2019-05-29,8700.17
2019-05-30,8620.0
2019-05-31,8439.24
2019-06-01,8532.14
2019-06-02,8680.63
2019-06-03,8567.64
2019-06-04,7602.6
2019-06-05,7789.05
2019-06-06,7597.75
2019-06-07,7970.65
2019-06-08,7834.93
2019-06-09,7748.57
2019-06-10,7979.84
2019-06-11,7898.3
2019-06-12,8175.0
2019-06-13,8244.48
2019-06-14,8416.01
2019-06-15,8859.88
2019-06-16,8915.91
2019-06-17,9313.19
2019-06-18,9075.33
2019-06-19,9147.38
2019-06-20,9541.4
2019-06-21,9906.8
2019-06-22,10666.01
2019-06-23,10972.59
2019-06-24,10895.6
2019-06-25,11364.48
2019-06-26,13837.96
2019-06-27,10818.1
2019-06-28,12320.0
2019-06-29,11851.93
2019-06-30,11231.06
2019-07-01,10189.99
2019-07-02,10774.83
2019-07-03,11277.25
2019-07-04,11865.79
2019-07-05,11124.82
2019-07-06,11521.41
2019-07-07,11550.0
2019-07-08,12215.21
2019-07-09,12510.0
2019-07-10,12050.0
2019-07-11,11594.73
2019-07-12,11637.24
2019-07-13,11198.99
2019-07-14,10491.31
2019-07-15,10861.16
2019-07-16,9693.17
2019-07-17,9753.75
2019-07-18,10530.0
2019-07-19,10407.4
2019-07-20,10930.0
2019-07-21,10420.9
2019-07-22,10145.84
2019-07-23,10133.07
2019-07-24,9648.44
2019-07-25,9869.93
2019-07-26,9865.66
2019-07-27,9399.84
2019-07-28,9539.62
2019-07-29,9467.32
2019-07-30,9603.78
2019-07-31,9999.82
2019-08-01,10294.65
2019-08-02,10472.0
2019-08-03,10858.17
2019-08-04,10954.33
2019-08-05,11750.01
2019-08-06,11701.65
2019-08-07,11771.56
2019-08-08,11562.94
2019-08-09,11809.04
2019-08-10,11296.47
2019-08-11,11369.0
2019-08-12,11431.0
2019-08-13,10894.73
2019-08-14,10119.1
2019-08-15,10097.03
2019-08-16,10473.97
2019-08-17,10176.78
2019-08-18,10368.17
2019-08-19,10696.92
2019-08-20,10727.91
2019-08-21,10104.37
2019-08-22,10161.82
2019-08-23,10420.0
2019-08-24,10103.85
2019-08-25,10062.76
2019-08-26,10308.02
2019-08-27,10152.3
2019-08-28,9676.74
2019-08-29,9502.0
2019-08-30,9572.43
2019-08-31,9571.07
2019-09-01,9633.99
2019-09-02,10181.88
2019-09-03,10663.98
2019-09-04,10715.0
2019-09-05,10538.68
2019-09-06,10373.87
2019-09-07,10492.98
2019-09-08,10350.02
2019-09-09,10309.59
2019-09-10,10005.58
2019-09-11,10068.0
2019-09-12,10314.0
2019-09-13,10219.19
2019-09-14,10378.46
2019-09-15,10303.68
2019-09-16,10118.17
2019-09-17,10249.79
2019-09-18,10170.66
2019-09-19,10108.66
2019-09-20,10144.57
2019-09-21,10012.12
2019-09-22,9980.26
2019-09-23,9797.02
2019-09-24,8389.0
2019-09-25,8348.56
2019-09-26,8124.0
2019-09-27,7997.92
2019-09-28,8160.0
2019-09-29,7959.42
2019-09-30,8279.81
2019-10-01,8310.08
2019-10-02,8264.84
2019-10-03,8164.07
2019-10-04,8200.73
2019-10-05,8079.14
2019-10-06,7899.98
2019-10-07,8226.87
2019-10-08,8166.42
2019-10-09,8604.02
2019-10-10,8589.14
2019-10-11,8346.67
2019-10-12,8321.69
2019-10-13,8448.0
2019-10-14,8334.49
2019-10-15,8179.18
2019-10-16,7954.66
2019-10-17,8059.31
2019-10-18,7950.62
2019-10-19,7978.82
2019-10-20,8241.97
2019-10-21,8205.0
2019-10-22,8169.23
2019-10-23,7487.76
2019-10-24,7484.84
2019-10-25,8638.39
2019-10-26,9022.09
2019-10-27,9730.38
2019-10-28,9417.04
2019-10-29,9244.21
2019-10-30,9206.51
2019-10-31,9235.75
2019-11-01,9184.7
2019-11-02,9327.99
2019-11-03,9162.92
2019-11-04,9270.58
2019-11-05,9336.87
2019-11-06,9307.0
2019-11-07,9210.84
2019-11-08,8808.11
2019-11-09,8772.86
2019-11-10,9047.14
2019-11-11,8752.54
2019-11-12,8732.73
2019-11-13,8735.02
2019-11-14,8622.57
2019-11-15,8479.42
2019-11-16,8470.3
2019-11-17,8534.2
2019-11-18,8181.07
2019-11-19,8088.86
2019-11-20,8095.36
2019-11-21,7578.01
2019-11-22,7236.09
2019-11-23,7321.68
2019-11-24,7085.04
2019-11-25,7267.12
2019-11-26,7098.37
2019-11-27,7517.76
2019-11-28,7595.01
2019-11-29,7755.38
2019-11-30,7484.43
2019-12-01,7317.23
2019-12-02,7275.11
2019-12-03,7359.62
2019-12-04,7489.63
2019-12-05,7356.33
2019-12-06,7459.23
2019-12-07,7499.12
2019-12-08,7529.2
2019-12-09,7450.62
2019-12-10,7224.0
2019-12-11,7180.02
2019-12-12,7212.24
2019-12-13,7229.09
2019-12-14,7088.44
2019-12-15,7113.4
2019-12-16,6910.19
2019-12-17,6704.29
2019-12-18,6871.29
2019-12-19,7160.61
2019-12-20,7193.99
2019-12-21,7148.07
2019-12-22,7395.82
2019-12-23,7399.65
2019-12-24,7203.23
2019-12-25,7162.05
2019-12-26,7353.95
2019-12-27,7212.53
2019-12-28,7316.68
2019-12-29,7422.0
2019-12-30,7223.57
2019-12-31,7139.78
2020-01-01,7225.58
2020-01-02,6953.17
2020-01-03,7339.97
2020-01-04,7291.27
2020-01-05,7430.83
2020-01-06,7525.46
2020-01-07,8050.0
2020-01-08,8051.1
2020-01-09,7806.41
2020-01-10,8026.86
2020-01-11,8154.54
2020-01-12,8113.39
2020-01-13,8100.68
2020-01-14,8772.58
2020-01-15,8734.45
2020-01-16,8665.13
2020-01-17,8901.21
2020-01-18,8865.47
2020-01-19,8640.6
2020-01-20,8648.18
2020-01-21,8611.63
2020-01-22,8641.26
2020-01-23,8307.63
2020-01-24,8472.11
2020-01-25,8323.0
2020-01-26,8553.43
2020-01-27,8866.02
2020-01-28,8972.02
2020-01-29,9355.82
2020-01-30,9476.82
2020-01-31,9289.11
2020-02-01,9377.2
2020-02-02,9437.47
2020-02-03,9303.3
2020-02-04,9161.1
2020-02-05,9680.03
2020-02-06,9750.0
2020-02-07,9776.03
2020-02-08,9848.47
2020-02-09,10077.87
2020-02-10,9839.25
2020-02-11,10251.82
2020-02-12,10359.83
2020-02-13,10191.1
2020-02-14,10366.49
2020-02-15,9910.78
2020-02-16,9808.0
2020-02-17,9674.52
2020-02-18,9995.4
2020-02-19,10207.55
2020-02-20,9528.81
2020-02-21,9710.02
2020-02-22,9679.97
2020-02-23,9903.75
2020-02-24,9575.79
2020-02-25,9378.13
2020-02-26,8828.07
2020-02-27,8883.41
2020-02-28,8543.42
2020-02-29,8665.35
2020-03-01,8440.28
2020-03-02,8862.94
2020-03-03,8709.5
2020-03-04,8725.99
2020-03-05,9120.25
2020-03-06,9083.0
2020-03-07,8892.45
2020-03-08,8287.29
2020-03-09,7845.8
2020-03-10,7984.19
2020-03-11,7829.8
2020-03-12,6032.9
2020-03-13,5453.51
2020-03-14,5391.92
2020-03-15,5311.32
2020-03-16,4953.49
2020-03-17,5399.09
2020-03-18,5349.18
2020-03-19,6242.54
2020-03-20,6190.0
2020-03-21,6227.85
2020-03-22,5927.76
2020-03-23,6292.8
2020-03-24,6725.05
2020-03-25,6630.86
2020-03-26,6675.37
2020-03-27,6668.84
2020-03-28,6218.93
2020-03-29,5905.26
2020-03-30,6378.07
2020-03-31,6474.59
2020-04-01,6216.13
2020-04-02,6810.77
2020-04-03,6782.58
2020-04-04,6749.15
2020-04-05,6809.5
2020-04-06,7283.86
2020-04-07,7289.22
2020-04-08,7319.43
2020-04-09,7276.68
2020-04-10,6917.7
2020-04-11,6811.8
2020-04-12,7136.11
2020-04-13,6788.0
2020-04-14,6925.34
2020-04-15,6733.97
2020-04-16,7081.0
2020-04-17,7070.55
2020-04-18,7218.29
2020-04-19,7145.49
2020-04-20,6768.81
2020-04-21,6878.47
2020-04-22,7095.47
2020-04-23,7529.15
2020-04-24,7532.66
2020-04-25,7547.56
2020-04-26,7659.0
2020-04-27,7715.09
2020-04-28,7728.01
2020-04-29,8726.3
2020-04-30,8847.01
2020-05-01,8739.46
2020-05-02,8874.49
2020-05-03,8880.18
2020-05-04,8846.86
2020-05-05,8915.35
2020-05-06,9261.59
2020-05-07,9877.43
2020-05-08,9971.15
2020-05-09,9738.85
2020-05-10,8513.29
2020-05-11,8759.28
2020-05-12,8800.6
2020-05-13,9163.33
2020-05-14,9662.11
2020-05-15,9327.18
2020-05-16,9330.14
2020-05-17,9766.75
2020-05-18,9702.31
2020-05-19,9642.48
2020-05-20,9529.21
2020-05-21,9058.94
2020-05-22,9172.85
2020-05-23,9184.69
2020-05-24,9016.73
2020-05-25,8937.12
2020-05-26,8790.45
2020-05-27,9159.69
2020-05-28,9456.06
2020-05-29,9403.99
2020-05-30,9542.48
2020-05-31,9507.95
2020-06-01,9580.02
2020-06-02,9510.98
2020-06-03,9577.72
2020-06-04,9817.16
2020-06-05,9730.46
2020-06-06,9664.28
2020-06-07,9776.52
2020-06-08,9695.56
2020-06-09,9733.1
2020-06-10,9852.72
2020-06-11,9279.88
2020-06-12,9428.38
2020-06-13,9404.71
2020-06-14,9392.31
2020-06-15,9423.33
2020-06-16,9511.91
2020-06-17,9297.6
2020-06-18,9391.11
2020-06-19,9294.79
2020-06-20,9291.94
2020-06-21,9338.59
2020-06-22,9568.22
2020-06-23,9650.72
2020-06-24,9291.73
2020-06-25,9284.01
2020-06-26,9166.07
2020-06-27,8935.6
2020-06-28,9108.21
2020-06-29,9151.11
2020-06-30,9137.69
2020-07-01,9245.79
2020-07-02,9047.32
2020-07-03,9091.89
2020-07-04,9127.54
2020-07-05,9026.83
2020-07-06,9295.35
2020-07-07,9239.28
2020-07-08,9434.75
2020-07-09,9219.84
2020-07-10,9230.49
2020-07-11,9202.95
2020-07-12,9221.81
2020-07-13,9231.92
2020-07-14,9270.26
2020-07-15,9175.83
2020-07-16,9119.12
2020-07-17,9162.59
2020-07-18,9164.06
2020-07-19,9168.0
2020-07-20,9158.99
2020-07-21,9361.06
2020-07-22,9379.03
2020-07-23,9607.06
2020-07-24,9596.57
2020-07-25,9683.1
2020-07-26,9873.29
2020-07-27,10799.11
2020-07-28,11007.76
2020-07-29,11209.57
2020-07-30,11134.32
2020-07-31,11333.56
2020-08-01,11783.79
2020-08-02,11199.0
2020-08-03,11414.76
2020-08-04,11229.38
2020-08-05,11662.22
2020-08-06,11879.08
2020-08-07,11511.61
2020-08-08,11715.73
2020-08-09,11632.29
2020-08-10,11871.91
2020-08-11,11393.07
2020-08-12,11578.4
2020-08-13,11520.87
2020-08-14,11809.2
2020-08-15,11838.37
2020-08-16,11820.49
2020-08-17,12339.22
2020-08-18,11985.42
2020-08-19,11652.83
2020-08-20,11858.17
2020-08-21,11668.82
2020-08-22,11596.26
2020-08-23,11681.56
2020-08-24,11749.65
2020-08-25,11299.98
2020-08-26,11467.84
2020-08-27,11244.13
2020-08-28,11510.0
2020-08-29,11525.59
2020-08-30,11644.7
2020-08-31,11729.64
2020-09-01,11966.59
2020-09-02,11406.73
2020-09-03,10693.36
2020-09-04,10588.05
2020-09-05,9948.93
2020-09-06,10265.59
2020-09-07,10148.72
2020-09-08,9986.34
2020-09-09,10287.61
2020-09-10,10283.42
2020-09-11,10330.63
2020-09-12,10463.41
2020-09-13,10311.07
2020-09-14,10674.3
2020-09-15,10784.01
2020-09-16,10984.87
2020-09-17,10921.98
2020-09-18,10868.27
2020-09-19,11054.52
2020-09-20,10869.15
2020-09-21,10495.0
2020-09-22,10494.72
2020-09-23,10292.43
2020-09-24,10653.08
2020-09-25,10724.96
2020-09-26,10720.61
2020-09-27,10735.99
2020-09-28,10867.86
2020-09-29,10738.44
2020-09-30,10708.78
2020-10-01,10620.48
2020-10-02,10517.99
2020-10-03,10590.0
2020-10-04,10675.16
2020-10-05,10731.0
2020-10-06,10575.02
2020-10-07,10654.95
2020-10-08,10892.16
2020-10-09,11046.1
2020-10-10,11358.07
2020-10-11,11340.15
2020-10-12,11553.14
2020-10-13,11391.31
2020-10-14,11352.54
2020-10-15,11532.98
2020-10-16,11320.85
2020-10-17,11342.91
2020-10-18,11445.35
2020-10-19,11698.73
2020-10-20,11925.0
2020-10-21,12702.2
2020-10-22,13091.85
2020-10-23,12929.93
2020-10-24,13132.25
2020-10-25,13048.0
2020-10-26,13013.35
2020-10-27,13672.81
2020-10-28,13173.01
2020-10-29,13504.66
2020-10-30,13550.0
2020-10-31,13794.24
2020-11-01,13811.94
2020-11-02,13472.0
2020-11-03,13753.99
2020-11-04,14106.33
2020-11-05,14959.82
2020-11-06,15474.21
2020-11-07,14927.93
2020-11-08,15548.45
2020-11-09,15331.97
2020-11-10,15285.8
2020-11-11,15823.18
2020-11-12,16122.58
2020-11-13,16264.62
2020-11-14,15920.0
2020-11-15,15917.45
2020-11-16,16710.6
2020-11-17,17655.07
2020-11-18,17784.51
2020-11-19,17950.12
2020-11-20,18594.08
2020-11-21,18760.76
2020-11-22,18525.81
2020-11-23,18356.21
2020-11-24,19270.21
2020-11-25,19055.82
2020-11-26,16538.79
2020-11-27,16796.02
2020-11-28,17742.13
2020-11-29,18136.76
2020-11-30,19182.23
2020-12-01,18748.89
2020-12-02,19009.82
2020-12-03,19406.59
2020-12-04,19070.91
2020-12-05,19131.89
2020-12-06,19118.46
2020-12-07,18948.7
2020-12-08,18824.52
2020-12-09,18198.29
2020-12-10,18277.82
2020-12-11,18041.71
2020-12-12,18700.76
2020-12-13,19177.37
2020-12-14,19227.25
2020-12-15,19529.85
2020-12-16,20614.38
2020-12-17,23261.88
2020-12-18,22796.68
2020-12-19,23852.99
2020-12-20,23878.4
2020-12-21,22818.47
2020-12-22,23436.63
2020-12-23,23615.26
2020-12-24,23321.22
2020-12-25,24343.05
2020-12-26,25620.57
2020-12-27,27009.58
2020-12-28,26990.99
2020-12-29,26577.94
2020-12-30,28525.26
2020-12-31,28920.98
2021-01-01,29130.21
2021-01-02,33026.28
2021-01-03,32759.78
2021-01-04,31172.41
2021-01-05,33467.68
2021-01-06,35347.64
2021-01-07,38938.35
2021-01-08,39948.98
2021-01-09,40728.95
2021-01-10,38078.08
2021-01-11,32517.53
2021-01-12,35022.26
2021-01-13,35705.0
2021-01-14,39296.62
2021-01-15,35438.16
2021-01-16,36500.42
2021-01-17,35680.0
2021-01-18,35797.47
2021-01-19,36446.95
2021-01-20,35259.22
2021-01-21,31742.9
2021-01-22,33345.79
2021-01-23,32203.32
2021-01-24,31850.03
2021-01-25,33676.48
2021-01-26,32286.06
2021-01-27,29723.39
2021-01-28,32696.01
2021-01-29,35177.0
2021-01-30,34363.24
2021-01-31,32487.61
2021-02-01,33737.3
2021-02-02,35314.31
2021-02-03,37185.59
2021-02-04,37200.0
2021-02-05,37423.85
2021-02-06,40341.59
2021-02-07,38319.25
2021-02-08,42705.78
2021-02-09,47072.73
2021-02-10,45144.15
2021-02-11,47711.78
2021-02-12,47312.34
2021-02-13,46839.5
2021-02-14,48764.35
2021-02-15,48347.04
2021-02-16,48660.94
2021-02-17,51427.4
2021-02-18,51800.0
2021-02-19,55343.71
2021-02-20,57149.51
2021-02-21,58192.79
2021-02-22,53240.21
2021-02-23,46864.91
2021-02-24,49618.4
2021-02-25,49601.25
2021-02-26,47309.17
2021-02-27,47167.77
2021-02-28,43724.75
2021-03-01,48534.26
2021-03-02,47695.11
2021-03-03,51277.66
2021-03-04,47566.05
2021-03-05,48498.21
2021-03-06,48505.9
2021-03-07,50401.04
2021-03-08,50793.13
2021-03-09,53923.77
2021-03-10,56727.25
2021-03-11,57525.09
2021-03-12,57363.41
2021-03-13,60295.01
2021-03-14,59914.15
2021-03-15,56631.96
2021-03-16,55771.8
2021-03-17,57909.51
2021-03-18,57269.83
2021-03-19,58884.88
2021-03-20,59264.78
2021-03-21,57583.82
2021-03-22,55593.39
2021-03-23,55009.03
2021-03-24,54703.59
2021-03-25,52184.05
2021-03-26,53865.81
2021-03-27,55842.61
2021-03-28,55228.45
2021-03-29,57665.67
2021-03-30,59118.91
2021-03-31,58582.36
2021-04-01,58899.97
2021-04-02,58864.8
2021-04-03,58636.49
2021-04-04,57969.03
2021-04-05,59028.06
2021-04-06,58258.14
2021-04-07,56127.66
2021-04-08,57742.55
2021-04-09,58373.13
2021-04-10,59548.73
2021-04-11,59661.24
2021-04-12,60039.68
2021-04-13,63044.49
2021-04-14,62139.52
2021-04-15,63460.99
2021-04-16,61848.34
2021-04-17,60755.55
2021-04-18,55832.73
2021-04-19,56027.41
2021-04-20,56639.29
2021-04-21,55518.27
2021-04-22,52957.17
2021-04-23,50941.32
2021-04-24,50729.57
2021-04-25,49414.37
2021-04-26,54101.16
2021-04-27,54846.25
2021-04-28,55461.68
2021-04-29,52888.31
2021-04-30,57098.08
2021-05-01,57822.6
2021-05-02,56888.61
2021-05-03,57589.8
2021-05-04,54594.15
2021-05-05,57186.27
2021-05-06,56180.86
2021-05-07,57648.3
2021-05-08,59149.79
2021-05-09,57352.77
2021-05-10,55694.85
2021-05-11,56729.69
2021-05-12,54496.28
2021-05-13,48549.37
2021-05-14,50198.39
2021-05-15,48071.37
2021-05-16,45550.0
2021-05-17,44225.96
2021-05-18,43297.57
2021-05-19,39407.94
2021-05-20,40214.36
2021-05-21,36094.58
2021-05-22,37379.12
2021-05-23,33101.38
2021-05-24,39641.54
2021-05-25,37365.72
2021-05-26,38554.15
2021-05-27,38828.53
2021-05-28,35802.58
2021-05-29,34059.74
2021-05-30,36102.48
2021-05-31,36907.65
2021-06-01,35964.59
2021-06-02,37895.52
2021-06-03,38598.24
2021-06-04,36835.04
2021-06-05,35764.83
2021-06-06,35762.58
2021-06-07,35649.0
2021-06-08,32913.02
2021-06-09,36291.76
2021-06-10,36706.18
2021-06-11,37268.86
2021-06-12,35745.71
2021-06-13,37695.47
2021-06-14,39696.86
2021-06-15,39980.88
2021-06-16,38687.88
2021-06-17,37700.0
2021-06-18,35335.67
2021-06-19,35944.15
2021-06-20,35512.07
2021-06-21,32592.83
2021-06-22,32409.31
2021-06-23,32898.7
2021-06-24,34858.8
2021-06-25,32261.63
2021-06-26,31594.35
2021-06-27,32827.86
2021-06-28,34459.15
2021-06-29,36418.26
2021-06-30,34780.49
2021-07-01,33119.94
2021-07-02,33358.58
2021-07-03,34759.19
2021-07-04,35572.8
2021-07-05,34136.51
2021-07-06,34028.97
2021-07-07,34648.94
2021-07-08,32999.01
2021-07-09,33452.31
2021-07-10,33418.82
2021-07-11,33902.61
2021-07-12,32832.24
2021-07-13,32297.88
2021-07-14,32739.16
2021-07-15,31539.48
2021-07-16,31938.31
2021-07-17,31856.73
2021-07-18,31654.11
2021-07-19,30728.85
2021-07-20,29790.12
2021-07-21,31649.06
2021-07-22,32395.05
2021-07-23,32273.14
2021-07-24,33883.88
2021-07-25,34379.0
2021-07-26,39362.65
2021-07-27,37828.87
2021-07-28,40410.91
2021-07-29,39699.25
2021-07-30,39901.0
2021-07-31,41335.16
2021-08-01,41260.0
2021-08-02,39189.39
2021-08-03,37984.63
2021-08-04,39751.38
2021-08-05,40695.28
2021-08-06,42913.5
2021-08-07,44015.1
2021-08-08,43743.7
2021-08-09,46021.26
2021-08-10,45529.93
2021-08-11,46475.2
2021-08-12,44411.82
2021-08-13,46467.6
2021-08-14,47098.49
2021-08-15,46366.38
2021-08-16,46101.61
2021-08-17,45482.99
2021-08-18,44898.4
2021-08-19,46710.14
2021-08-20,48701.97
2021-08-21,48979.19
2021-08-22,48692.21
2021-08-23,49228.63
2021-08-24,48249.72
2021-08-25,48684.36
2021-08-26,46967.83
2021-08-27,48339.59
2021-08-28,48677.19
2021-08-29,48830.47
2021-08-30,48650.0
2021-08-31,47321.52
2021-09-01,48162.13
2021-09-02,49355.82
2021-09-03,50568.41
2021-09-04,50023.26
2021-09-05,50722.13
2021-09-06,51750.0
2021-09-07,46693.9
2021-09-08,46466.52
2021-09-09,46582.77
2021-09-10,45645.39
2021-09-11,45373.69
2021-09-12,45914.13
2021-09-13,44772.31
2021-09-14,46490.9
2021-09-15,48108.49
2021-09-16,47458.06
2021-09-17,47485.0
2021-09-18,48271.63
2021-09-19,47391.0
2021-09-20,43879.23
2021-09-21,42014.08
2021-09-22,43451.34
2021-09-23,44823.96
2021-09-24,42418.01
2021-09-25,42666.86
2021-09-26,43261.11
2021-09-27,43057.01
2021-09-28,41575.9
2021-09-29,41194.33
2021-09-30,43540.0
2021-10-01,48046.25
2021-10-02,48274.06
2021-10-03,48818.68
2021-10-04,49403.87
2021-10-05,51220.53
2021-10-06,55080.67
2021-10-07,53991.95
2021-10-08,54709.69
2021-10-09,54669.39
2021-10-10,55503.36
2021-10-11,57493.74
2021-10-12,55307.14
2021-10-13,57271.1
2021-10-14,57874.33
2021-10-15,61454.19
2021-10-16,60837.26
2021-10-17,60521.65
2021-10-18,61437.66
2021-10-19,64248.07
2021-10-20,66407.91
2021-10-21,62786.41
2021-10-22,61035.68
2021-10-23,61017.81
2021-10-24,60660.2
2021-10-25,62677.17
2021-10-26,61976.54
2021-10-27,59122.37
2021-10-28,61310.0
2021-10-29,62574.67
2021-10-30,61759.54
2021-10-31,60730.85
2021-11-01,61496.4
2021-11-02,63612.72
2021-11-03,62853.04
2021-11-04,61277.48
2021-11-05,61148.05
2021-11-06,61233.02
2021-11-07,62509.57
2021-11-08,65953.85
2021-11-09,66554.72
2021-11-10,67773.76
2021-11-11,64794.67
2021-11-12,63908.14
2021-11-13,64133.94
2021-11-14,64013.96
2021-11-15,63812.17
2021-11-16,59965.27
2021-11-17,60482.42
2021-11-18,58029.4
2021-11-19,57952.03
2021-11-20,59490.18
2021-11-21,59514.42
2021-11-22,56488.54
2021-11-23,57457.9
2021-11-24,56804.69
2021-11-25,59157.57
2021-11-26,54098.57
2021-11-27,55030.06
2021-11-28,54189.09
2021-11-29,58725.38
2021-11-30,58349.19
2021-12-01,57516.92
2021-12-02,56742.43
2021-12-03,54881.49
2021-12-04,48946.46
2021-12-05,49173.36
2021-12-06,49235.1
2021-12-07,50969.13
2021-12-08,50595.05
2021-12-09,47771.81
2021-12-10,47844.95
2021-12-11,48679.95
2021-12-12,50530.23
2021-12-13,47482.97
2021-12-14,46683.02
2021-12-15,47835.84
2021-12-16,47999.48
2021-12-17,47010.22
2021-12-18,46752.63
2021-12-19,47152.4
2021-12-20,46272.2
2021-12-21,48473.38
2021-12-22,48590.59
2021-12-23,50576.36
2021-12-24,51632.85
2021-12-25,51031.89
2021-12-26,50404.53
2021-12-27,51716.62
2021-12-28,47799.45
2021-12-29,47548.0
2021-12-30,47877.61
2021-12-31,46648.83
2022-01-01,47587.72
2022-01-02,47068.62
2022-01-03,46463.8
2022-01-04,45734.74
2022-01-05,45927.26
2022-01-06,43380.98
2022-01-07,41707.08
2022-01-08,40664.58
2022-01-09,41993.0
2022-01-10,41638.27
2022-01-11,42776.9
2022-01-12,43628.46
2022-01-13,42734.98
2022-01-14,43084.11
2022-01-15,43387.3
2022-01-16,43088.22
2022-01-17,42210.87
2022-01-18,41629.14
2022-01-19,42026.67
2022-01-20,42847.85
2022-01-21,38294.12
2022-01-22,34399.79
2022-01-23,34981.42
2022-01-24,36211.3
2022-01-25,37355.1
2022-01-26,37975.94
2022-01-27,36238.41
2022-01-28,37095.66
2022-01-29,37829.77
2022-01-30,37848.77
2022-01-31,38479.91
2022-02-01,38549.82
2022-02-02,37535.42
2022-02-03,36795.98
2022-02-04,40496.05
2022-02-05,41703.96
2022-02-06,41529.67
2022-02-07,44114.19
2022-02-08,43012.22
2022-02-09,44216.58
2022-02-10,45251.87
2022-02-11,42699.87
2022-02-12,42867.2
2022-02-13,42003.38
2022-02-14,42259.82
2022-02-15,44154.8
2022-02-16,43880.72
2022-02-17,41331.01
2022-02-18,40165.13
2022-02-19,40148.73
2022-02-20,38423.09
2022-02-21,37810.55
2022-02-22,37741.64
2022-02-23,37790.51
2022-02-24,36435.58
2022-02-25,38685.67
2022-02-26,39136.15
2022-02-27,38923.63
2022-02-28,41233.87
2022-03-01,43852.0
2022-03-02,43621.93
2022-03-03,42264.52
2022-03-04,40598.77
2022-03-05,39403.69
2022-03-06,38888.92
2022-03-07,37995.65
2022-03-08,38740.6
2022-03-09,42047.59
2022-03-10,39186.11
2022-03-11,38654.92
2022-03-12,39085.54
2022-03-13,38883.69
2022-03-14,38795.53
2022-03-15,39718.5
2022-03-16,40897.34
2022-03-17,40906.04
2022-03-18,42055.89
2022-03-19,42066.94
2022-03-20,41410.0
2022-03-21,41199.35
2022-03-22,42309.72
2022-03-23,42241.47
2022-03-24,43948.31
2022-03-25,44470.73
2022-03-26,44388.61
2022-03-27,44864.48
2022-03-28,47988.7
2022-03-29,47755.31
2022-03-30,47111.08
2022-03-31,45622.39
2022-04-01,46397.67
2022-04-02,46173.21
2022-04-03,46425.74
2022-04-04,45941.38
2022-04-05,45996.45
2022-04-06,43772.68
2022-04-07,43400.0
2022-04-08,42745.99
2022-04-09,42532.37
2022-04-10,43274.32
2022-04-11,40001.68
2022-04-12,39299.35
2022-04-13,41067.61
2022-04-14,39785.01
2022-04-15,40329.67
2022-04-16,40228.65
2022-04-17,40397.99
2022-04-18,40664.76
2022-04-19,41444.08
2022-04-20,41192.59
2022-04-21,41225.89
2022-04-22,39500.77
2022-04-23,39774.97
2022-04-24,39712.15
2022-04-25,40235.39
2022-04-26,38280.0
2022-04-27,38880.44
2022-04-28,39999.79
2022-04-29,38336.85
2022-04-30,38487.71
2022-05-01,37796.4
2022-05-02,38544.97
2022-05-03,37707.07
2022-05-04,39837.52
2022-05-05,36351.93
2022-05-06,35988.76
2022-05-07,35867.78
2022-05-08,34595.74
2022-05-09,30958.65
2022-05-10,31323.69
2022-05-11,29314.51
2022-05-12,28558.82
2022-05-13,30027.62
2022-05-14,29298.37
2022-05-15,30430.91
2022-05-16,29569.7
2022-05-17,30074.73
2022-05-18,29219.79
2022-05-19,29925.07
2022-05-20,29253.88
2022-05-21,29439.71
2022-05-22,29902.45
2022-05-23,29050.0
2022-05-24,29362.16
2022-05-25,29563.54
2022-05-26,29366.82
2022-05-27,28855.34
2022-05-28,29003.52
2022-05-29,29105.21
2022-05-30,30630.52
2022-05-31,31610.61
2022-06-01,30104.83
2022-06-02,30284.03
2022-06-03,29562.14
2022-06-04,29636.08
2022-06-05,30043.39
2022-06-06,31441.76
2022-06-07,31024.08
2022-06-08,30116.0
2022-06-09,29990.88
2022-06-10,28937.05
2022-06-11,28571.03
2022-06-12,27387.23
2022-06-13,23144.08
2022-06-14,22159.78
2022-06-15,21592.6
2022-06-16,20848.73
2022-06-17,20500.0
2022-06-18,18047.74
2022-06-19,20090.03
2022-06-20,20051.04
2022-06-21,20871.69
2022-06-22,20100.98
2022-06-23,20894.01
2022-06-24,21233.64
2022-06-25,21194.44
2022-06-26,21277.6
2022-06-27,20829.08
2022-06-28,20238.96
2022-06-29,20201.96
2022-06-30,18901.6
2022-07-01,19359.05
2022-07-02,19246.22
2022-07-03,19480.6
2022-07-04,19803.63
2022-07-05,20378.7
2022-07-06,20295.32
2022-07-07,21835.16
2022-07-08,21786.43
2022-07-09,21618.77
2022-07-10,20918.25
2022-07-11,20491.63
2022-07-12,19382.5
2022-07-13,19645.03
2022-07-14,20578.79
2022-07-15,21159.36
2022-07-16,21182.79
2022-07-17,21030.89
2022-07-18,21615.0
2022-07-19,23409.44
2022-07-20,23673.67
2022-07-21,23210.61
2022-07-22,22591.06
2022-07-23,22281.94
2022-07-24,22716.65
2022-07-25,21905.01
2022-07-26,20935.13
2022-07-27,22780.6
2022-07-28,23790.88
2022-07-29,23899.15
2022-07-30,23944.23
2022-07-31,23837.21
2022-08-01,22971.06
2022-08-02,22954.9
2022-08-03,23472.97
2022-08-04,22460.9
2022-08-05,22949.16
2022-08-06,23199.13
2022-08-07,23163.32
2022-08-08,23933.95
2022-08-09,23072.86
2022-08-10,23646.0
2022-08-11,24240.0
2022-08-12,24194.0
2022-08-13,24418.0
2022-08-14,24292.0
2022-08-15,23982.0
2022-08-16,23941.0
2022-08-17,23279.0
2022-08-18,23341.0
2022-08-19,21334.0
2022-08-20,20989.0
2022-08-21,21516.0
2022-08-22,21042.0
2022-08-23,21516.0
2022-08-24,21701.0
2022-08-25,21602.0
2022-08-26,20648.0
2022-08-27,20025.0
2022-08-28,19973.0
2022-08-29,20092.0
2022-08-30,19955.0
2022-08-31,20219.0
2022-09-01,19872.0
2022-09-02,19911.0
2022-09-03,19716.0
2022-09-04,19881.0
2022-09-05,19704.0
2022-09-06,18820.0
2022-09-07,19000.0
2022-09-08,19351.0
2022-09-09,21296.0
2022-09-10,21587.0
2022-09-11,21625.0
2022-09-12,22431.0
2022-09-13,20288.0
2022-09-14,19968.0
2022-09-15,19779.0
2022-09-16,19615.0
2022-09-17,20010.0
2022-09-18,19722.0
2022-09-19,19514.0
2022-09-20,18993.0
2022-09-21,19011.0
2022-09-22,19308.0
2022-09-23,18815.0
2022-09-24,19110.0
2022-09-25,18917.0
2022-09-26,19200.0
2022-09-27,19082.0
2022-09-28,19543.0
2022-09-29,19399.0
2022-09-30,19495.0
2022-10-01,19269.0
2022-10-02,19261.0
2022-10-03,19539.0
2022-10-04,20221.0
2022-10-05,20114.0
2022-10-06,20019.0
2022-10-07,19463.0
2022-10-08,19474.0
2022-10-09,19468.0
2022-10-10,19218.0
2022-10-11,18996.0
2022-10-12,19140.0
2022-10-13,19375.0
2022-10-14,19169.0
2022-10-15,19105.0
2022-10-16,19375.0
2022-10-17,19527.0
2022-10-18,19220.0
2022-10-19,19226.0
2022-10-20,19061.0
2022-10-21,19189.0
2022-10-22,19186.0
2022-10-23,19507.0
2022-10-24,19345.0
2022-10-25,20276.0
2022-10-26,20751.0
2022-10-27,20628.0
2022-10-28,20614.0
2022-10-29,20844.0
2022-10-30,20655.0
2022-10-31,20368.0
2022-11-01,20445.0
2022-11-02,20263.0
2022-11-03,20265.0
2022-11-04,21102.0
2022-11-05,21335.0
2022-11-06,21222.0
2022-11-07,20707.0
2022-11-08,18612.0
2022-11-09,16585.0
2022-11-10,17354.0
2022-11-11,16806.0
2022-11-12,16842.0
2022-11-13,16499.0
2022-11-14,16590.0
2022-11-15,16721.0
2022-11-16,16534.0
2022-11-17,16694.0
2022-11-18,16570.0
2022-11-19,16612.0
2022-11-20,16562.0
2022-11-21,15954.0
2022-11-22,16124.0
2022-11-23,16525.0
2022-11-24,16576.0
2022-11-25,16483.0
2022-11-26,16467.0
2022-11-27,16556.0
2022-11-28,16156.0
2022-11-29,16412.0
2022-11-30,16926.0
2022-12-01,16934.0
2022-12-02,16957.0
2022-12-03,16972.0
2022-12-04,17068.0
2022-12-05,17048.0
2022-12-06,16977.0
2022-12-07,16789.0
2022-12-08,17244.0
2022-12-09,17150.0
2022-12-10,17188.0
2022-12-11,17200.0
2022-12-12,17029.0
2022-12-13,17713.0
2022-12-14,18231.0
2022-12-15,17398.0
2022-12-16,16824.0
2022-12-17,16708.0
2022-12-18,16746.0
2022-12-19,16544.0
2022-12-20,16840.0
2022-12-21,16791.0
2022-12-22,16616.0
2022-12-23,16836.0
2022-12-24,16841.0
2022-12-25,16779.0
2022-12-26,16816.0
2022-12-27,16622.0
2022-12-28,16631.0
2022-12-29,16626.0
2022-12-30,16564.0
2022-12-31,16567.0
2023-01-01,16584.0
2023-01-02,16718.0
2023-01-03,16638.0
2023-01-04,16948.0
2023-01-05,16839.0
2023-01-06,16845.0
2023-01-07,16936.0
2023-01-08,16926.0
2023-01-09,17350.0
2023-01-10,17434.0
2023-01-11,17488.0
2023-01-12,18802.0
2023-01-13,19300.0
2023-01-14,20761.0
2023-01-15,20819.0
2023-01-16,21284.0
2023-01-17,21351.0
2023-01-18,20934.0
2023-01-19,20981.0
2023-01-20,21391.0
2023-01-21,23253.0
2023-01-22,22838.0
2023-01-23,22950.0
2023-01-24,23003.0
2023-01-25,22732.0
2023-01-26,23042.0
2023-01-27,23191.0
2023-01-28,23004.0
2023-01-29,23688.0
2023-01-30,23136.0
2023-01-31,23171.0
2023-02-01,23068.0
2023-02-02,24061.0
2023-02-03,23420.0
2023-02-04,23451.0
2023-02-05,22854.0
2023-02-06,23022.0
2023-02-07,22927.0
2023-02-08,22897.0
2023-02-09,22514.0
2023-02-10,21707.0
2023-02-11,21657.0
2023-02-12,21977.0
2023-02-13,21651.0
2023-02-14,22129.0
2023-02-15,22978.0
2023-02-16,24972.0
2023-02-17,24365.0
2023-02-18,24718.0
2023-02-19,24479.0
2023-02-20,24822.0
2023-02-21,24692.0
2023-02-22,23745.0
2023-02-23,23863.0
2023-02-24,23090.0
2023-02-25,22984.0
2023-02-26,23479.0
2023-02-27,23290.0
2023-02-28,23485.0
2023-03-01,23695.0
2023-03-02,23452.0
2023-03-03,22314.0
2023-03-04,22324.0
2023-03-05,22437.0
2023-03-06,22504.0
2023-03-07,22201.0
2023-03-08,22021.0
2023-03-09,21008.0
2023-03-10,19851.0
2023-03-11,20459.0
2023-03-12,21089.0
2023-03-13,24388.0
2023-03-14,25128.0
2023-03-15,24442.0
2023-03-16,25033.0
2023-03-17,26887.0
2023-03-18,27425.0
2023-03-19,28347.0
2023-03-20,27870.0
2023-03-21,28205.0
2023-03-22,26700.0
2023-03-23,28405.0
2023-03-24,27855.0
2023-03-25,27243.0
2023-03-26,27852.0
2023-03-27,26970.0
2023-03-28,27427.0
2023-03-29,28417.0
2023-03-30,27977.0
2023-03-31,28460.0
2023-04-01,28398.0
2023-04-02,27966.0
2023-04-03,28098.0
2023-04-04,28201.0
2023-04-05,28258.0
2023-04-06,28037.0
2023-04-07,27923.0
2023-04-08,27951.0
2023-04-09,28167.0
2023-04-10,29198.0
2023-04-11,30158.0
2023-04-12,29802.0
2023-04-13,30364.0
2023-04-14,30342.0
2023-04-15,30368.0
2023-04-16,30322.0
2023-04-17,29469.0
2023-04-18,30236.0
2023-04-19,29245.0
2023-04-20,28092.0
2023-04-21,27275.0
2023-04-22,27627.0
2023-04-23,27471.0
2023-04-24,27380.0
2023-04-25,27612.0
2023-04-26,27897.0
2023-04-27,29662.0
2023-04-28,29337.0
2023-04-29,29267.0
2023-04-30,29383.0
2023-05-01,27821.0
2023-05-02,28708.0
2023-05-03,28331.0
2023-05-04,28902.0
2023-05-05,29586.0
2023-05-06,28905.0
2023-05-07,28950.0
2023-05-08,27363.0
2023-05-09,27723.0
2023-05-10,27717.0
2023-05-11,26852.0
2023-05-12,26473.0
2023-05-13,26853.0
2023-05-14,26891.0
2023-05-15,27413.0
2023-05-16,26934.0
2023-05-17,27375.0
2023-05-18,26755.0
2023-05-19,26836.0
2023-05-20,27075.0
2023-05-21,26913.0
2023-05-22,26856.0
2023-05-23,27195.0
2023-05-24,26246.0
2023-05-25,26467.0
2023-05-26,26775.0
2023-05-27,26743.0
2023-05-28,27531.0
2023-05-29,27649.0
2023-05-30,27861.0
2023-05-31,27020.0
2023-06-01,26867.0
2023-06-02,27241.0
2023-06-03,27109.0
2023-06-04,27223.0
2023-06-05,25625.0
2023-06-06,27099.0
2023-06-07,26474.0
2023-06-08,26546.0
2023-06-09,26405.0
2023-06-10,25761.0
2023-06-11,26046.0
2023-06-12,25821.0
2023-06-13,25896.0
2023-06-14,25871.0
2023-06-15,25439.0
2023-06-16,26364.0
2023-06-17,26465.0
2023-06-18,26643.0
2023-06-19,26668.0
2023-06-20,28002.0
2023-06-21,30127.0
2023-06-22,30224.0
2023-06-23,30905.0
2023-06-24,30646.0
2023-06-25,30443.0
2023-06-26,30254.0
2023-06-27,30679.0
2023-06-28,30095.0
2023-06-29,30585.0
2023-06-30,30368.0
2023-07-01,30617.0
2023-07-02,30564.0
2023-07-03,31258.0
2023-07-04,30708.0
2023-07-05,30439.0
2023-07-06,30313.0
2023-07-07,30244.0
2023-07-08,30117.0
2023-07-09,30249.0
2023-07-10,30840.0
2023-07-11,30582.0
2023-07-12,30278.0
2023-07-13,31637.0
2023-07-14,30122.0
2023-07-15,30340.0
2023-07-16,30260.0
2023-07-17,29901.0
2023-07-18,29719.0
2023-07-19,30047.0
2023-07-20,29752.0
2023-07-21,29874.0
2023-07-22,29841.0
2023-07-23,30089.0
2023-07-24,29107.0
2023-07-25,29195.0
2023-07-26,29403.0
2023-07-27,29158.0
2023-07-28,29319.0
2023-07-29,29339.0
2023-07-30,29197.0
2023-07-31,29157.0
2023-08-01,29258.0
2023-08-02,29136.0
2023-08-03,29260.0
2023-08-04,28986.0
2023-08-05,29037.0
2023-08-06,29051.0
2023-08-07,29119.0
2023-08-08,29884.0
2023-08-09,29399.0
2023-08-10,29399.0
2023-08-11,29364.0
2023-08-12,29403.0
2023-08-13,29422.0
2023-08-14,29323.0
2023-08-15,29149.0
2023-08-16,29078.0
2023-08-17,27852.0
2023-08-18,26046.0
2023-08-19,26126.0
2023-08-20,26138.0
2023-08-21,26100.0
2023-08-22,25770.0
2023-08-23,26626.0
2023-08-24,26016.0
2023-08-25,25956.0
2023-08-26,26028.0
2023-08-27,26115.0
2023-08-28,25976.0
2023-08-29,27847.0
2023-08-30,27178.0
2023-08-31,26181.0
2023-09-01,25622.0
2023-09-02,25836.0
2023-09-03,26002.0
2023-09-04,25886.0
2023-09-05,25672.0
2023-09-06,25659.0
2023-09-07,25886.0
2023-09-08,25885.0
2023-09-09,25867.0
2023-09-10,25793.0
2023-09-11,25005.0
2023-09-12,26071.0
2023-09-13,26146.0
2023-09-14,26689.0
2023-09-15,26404.0
2023-09-16,26545.0
2023-09-17,26512.0
2023-09-18,26831.0
2023-09-19,27199.0
2023-09-20,26945.0
2023-09-21,26602.0
2023-09-22,26536.0
2023-09-23,26613.0
2023-09-24,26458.0
2023-09-25,26331.0
2023-09-26,26240.0
2023-09-27,26241.0
2023-09-28,27103.0
2023-09-29,26918.0
2023-09-30,27031.0
2023-10-01,27109.0
2023-10-02,27975.0
2023-10-03,27267.0
2023-10-04,27631.0
2023-10-05,27483.0
2023-10-06,27968.0
2023-10-07,27882.0
2023-10-08,27913.0
2023-10-09,27616.0
2023-10-10,27404.0
2023-10-11,26753.0
2023-10-12,26705.0
2023-10-13,26771.0
2023-10-14,26869.0
2023-10-15,27044.0
2023-10-16,28482.0
2023-10-17,28529.0
2023-10-18,28259.0
2023-10-19,28780.0
2023-10-20,29581.0
2023-10-21,30177.0
2023-10-22,29861.0
2023-10-23,31379.0
2023-10-24,33819.0
2023-10-25,34758.0
2023-10-26,34068.0
2023-10-27,33708.0
2023-10-28,34125.0
2023-10-29,34583.0
2023-10-30,34439.0
2023-10-31,34553.0
2023-11-01,34575.0
2023-11-02,34996.0
2023-11-03,34543.0
2023-11-04,34754.0
2023-11-05,35050.0
2023-11-06,34958.0
2023-11-07,35382.0
2023-11-08,35593.0
2023-11-09,36379.0
2023-11-10,37267.0
2023-11-11,37139.0
2023-11-12,37154.0
2023-11-13,36749.0
2023-11-14,35268.0
2023-11-15,37400.0
2023-11-16,36238.0
2023-11-17,36487.0
2023-11-18,36736.0
2023-11-19,36854.0
2023-11-20,37554.0
2023-11-21,36913.0
2023-11-22,37197.0
2023-11-23,37267.0
2023-11-24,37750.0
2023-11-25,37841.0
2023-11-26,37264.0
2023-11-27,36976.0
2023-11-28,38023.0
2023-11-29,37866.0
2023-11-30,37750.0
2023-12-01,38717.0
2023-12-02,38894.0
2023-12-03,39568.0
2023-12-04,41726.0
2023-12-05,43696.0
2023-12-06,43938.0
2023-12-07,43332.0
2023-12-08,43840.0
2023-12-09,43997.0
2023-12-10,43831.0
2023-12-11,40980.0
2023-12-12,41264.0
2023-12-13,42124.0
2023-12-14,42871.0
2023-12-15,42100.0
2023-12-16,42438.0
2023-12-17,42129.0
2023-12-18,41619.0
2023-12-19,42197.0
2023-12-20,44161.0
2023-12-21,43580.0
2023-12-22,43983.0
2023-12-23,43810.0
2023-12-24,43697.0
2023-12-25,43455.0
2023-12-26,42128.0
2023-12-27,43203.0
2023-12-28,42493.0
2023-12-29,42062.0
2023-12-30,42413.0
2023-12-31,42639.0
2024-01-01,43120.0
2024-01-02,45170.0
2024-01-03,42265.0
2024-01-04,44094.0
2024-01-05,43626.0
2024-01-06,44031.0
2024-01-07,44138.0
2024-01-08,47007.0
2024-01-09,46657.0
2024-01-10,46549.0
2024-01-11,46592.0
2024-01-12,43424.0
2024-01-13,42794.0
2024-01-14,42882.0
2024-01-15,42979.0
2024-01-16,43005.0
2024-01-17,42568.0
2024-01-18,41440.0
2024-01-19,41761.0
2024-01-20,41582.0
2024-01-21,41666.0
2024-01-22,40262.0
2024-01-23,39079.0
2024-01-24,39754.0
2024-01-25,39822.0
2024-01-26,42117.0
2024-01-27,41797.0
2024-01-28,41967.0
2024-01-29,43022.0
2024-01-30,43372.0
2024-01-31,43500.0
2024-02-01,42838.0
2024-02-02,42901.0
2024-02-03,43058.0
2024-02-04,42779.0
2024-02-05,42678.0
2024-02-06,43176.0
2024-02-07,43625.0
2024-02-08,45283.0
2024-02-09,47630.0
2024-02-10,47353.0
2024-02-11,48295.0
2024-02-12,49745.0
2024-02-13,49126.0
2024-02-14,51475.0
2024-02-15,52003.0
2024-02-16,51993.0
2024-02-17,51278.0
2024-02-18,51805.0
2024-02-19,51934.0
2024-02-20,51506.0
2024-02-21,50855.0
2024-02-22,51700.0
2024-02-23,51094.0
2024-02-24,51429.0
2024-02-25,51566.0
2024-02-26,53644.0
2024-02-27,57165.0
2024-02-28,61148.0
2024-02-29,60775.0
2024-03-01,62362.0
2024-03-02,62074.0
2024-03-03,62843.0
2024-03-04,66673.0
2024-03-05,64022.0
2024-03-06,67190.0
2024-03-07,67705.0
2024-03-08,68711.0
2024-03-09,68417.0
2024-03-10,69528.0
2024-03-11,72044.0
2024-03-12,71476.0
2024-03-13,73468.0
2024-03-14,69339.0
2024-03-15,68971.0
2024-03-16,66931.0
2024-03-17,68526.0
2024-03-18,66950.0
2024-03-19,64395.0
2024-03-20,65792.0
2024-03-21,65264.0
2024-03-22,63883.0
2024-03-23,64893.0
2024-03-24,65846.0
2024-03-25,71043.0
2024-03-26,69456.0
2024-03-27,68595.0
2024-03-28,70847.0
2024-03-29,69706.0
2024-03-30,69946.0
2024-03-31,71034.0
2024-04-01,69713.0
2024-04-02,66000.0
2024-04-03,65816.0
2024-04-04,68498.0
2024-04-05,67422.0
2024-04-06,68280.0
2024-04-07,69079.0
2024-04-08,71738.0
2024-04-09,69001.0
2024-04-10,70075.0
2024-04-11,70489.0
2024-04-12,66856.0
2024-04-13,64886.0
2024-04-14,64206.0
2024-04-15,63349.0
2024-04-16,62735.0
2024-04-17,61004.0
2024-04-18,63554.0
2024-04-19,64340.0
2024-04-20,64895.0
2024-04-21,64554.0
2024-04-22,66555.0
2024-04-23,66485.0
2024-04-24,63939.0
2024-04-25,64708.0
2024-04-26,63714.0
2024-04-27,63315.0
2024-04-28,63732.0
2024-04-29,62966.0
2024-04-30,59150.0
2024-05-01,56893.0
2024-05-02,59369.0
2024-05-03,62102.0
2024-05-04,63927.0
2024-05-05,63888.0
2024-05-06,63193.0
2024-05-07,63067.0
2024-05-08,62154.0
2024-05-09,62442.0
2024-05-10,60625.0
2024-05-11,61122.0
2024-05-12,61394.0
2024-05-13,63174.0
2024-05-14,61559.0
2024-05-15,66099.0
2024-05-16,65160.0
2024-05-17,67083.0
2024-05-18,66936.0
2024-05-19,66052.0
2024-05-20,70057.0
2024-05-21,69264.0
2024-05-22,69599.0
2024-05-23,67114.0
2024-05-24,69171.0
2024-05-25,69149.0
2024-05-26,68868.0
2024-05-27,69187.0
2024-05-28,68348.0
2024-05-29,67203.0
2024-05-30,68644.0
2024-05-31,67580.0
2024-06-01,67702.0
2024-06-02,67733.0
2024-06-03,69186.0
2024-06-04,70446.0
2024-06-05,71284.0
2024-06-06,70459.0
2024-06-07,69228.0
2024-06-08,69455.0
2024-06-09,69701.0
2024-06-10,69469.0
2024-06-11,67402.0
2024-06-12,67523.0
2024-06-13,66568.0
2024-06-14,65485.0
2024-06-15,66120.0
2024-06-16,66500.0
2024-06-17,66642.0
2024-06-18,64398.0
2024-06-19,64857.0
2024-06-20,64988.0
2024-06-21,64203.0
2024-06-22,64273.0
2024-06-23,64110.0
2024-06-24,59269.0
2024-06-25,61984.0
2024-06-26,60955.0
2024-06-27,61368.0
2024-06-28,59969.0
2024-06-29,60959.0
2024-06-30,61940.0
2024-07-01,63180.0
2024-07-02,61830.0
2024-07-03,59630.0
2024-07-04,58246.0
2024-07-05,56457.0
2024-07-06,57868.0
2024-07-07,57146.0
2024-07-08,56487.0
2024-07-09,57859.0
2024-07-10,57385.0
2024-07-11,57374.0
2024-07-12,57607.0
2024-07-13,58653.0
2024-07-14,59942.0
2024-07-15,63418.0
2024-07-16,65202.0
2024-07-17,64574.0
2024-07-18,63504.0
2024-07-19,67226.0
2024-07-20,67261.0
2024-07-21,67460.0
2024-07-22,68233.0
2024-07-23,65547.0
2024-07-24,65611.0
2024-07-25,64662.0
2024-07-26,68013.0
2024-07-27,68281.0
2024-07-28,68107.0
2024-07-29,67279.0
2024-07-30,65871.0
2024-07-31,65243.0
2024-08-01,63389.0
2024-08-02,62551.0
2024-08-03,60206.0
2024-08-04,59240.0
2024-08-05,53483.0
2024-08-06,56796.0
2024-08-07,54762.0
2024-08-08,59462.0
2024-08-09,60698.0
2024-08-10,61023.0
2024-08-11,59631.0
2024-08-12,59051.0
2024-08-13,60851.0
2024-08-14,58921.0
2024-08-15,57051.0
2024-08-16,59695.0
2024-08-17,59473.0
2024-08-18,59718.0
2024-08-19,58974.0
2024-08-20,59473.0
2024-08-21,61602.0
2024-08-22,60312.0
2024-08-23,63700.0
2024-08-24,64243.0
2024-08-25,64220.0
2024-08-26,63326.0
2024-08-27,62059.0
2024-08-28,58898.0
2024-08-29,59250.0
2024-08-30,58703.0
2024-08-31,58856.0
2024-09-01,58497.0
2024-09-02,58444.0
2024-09-03,58021.0
2024-09-04,58027.0
2024-09-05,56023.0
2024-09-06,53484.0
2024-09-07,54415.0
2024-09-08,54340.0
2024-09-09,57103.0
2024-09-10,57971.0
2024-09-11,57644.0
2024-09-12,58380.0
2024-09-13,60545.0
2024-09-14,60012.0
2024-09-15,59130.0
2024-09-16,58212.0
2024-09-17,57930.0
2024-09-18,61757.0
2024-09-19,61750.0
2024-09-20,63211.0
2024-09-21,63211.0
2024-09-22,63563.0
2024-09-23,63608.0
2024-09-24,64260.0
2024-09-25,64291.0
2024-09-26,65175.0
2024-09-27,65175.0
2024-09-28,65876.0
2024-09-29,65872.0
2024-09-30,63302.0
2024-10-01,63400.0
2024-10-02,60634.0
2024-10-03,60633.0
2024-10-04,62081.0
2024-10-05,62081.0
2024-10-06,62814.0
2024-10-07,62813.0
2024-10-08,62133.0
2024-10-09,62119.0
2024-10-10,60278.0
2024-10-11,60263.0
2024-10-12,63194.0
2024-10-13,63203.0
2024-10-14,66070.0
2024-10-15,66098.0
2024-10-16,67622.0
2024-10-17,67635.0
2024-10-18,68420.0
2024-10-19,68420.0
2024-10-20,69011.0
2024-10-21,69015.0
2024-10-22,67382.0
2024-10-23,67373.0
2024-10-24,68155.0
2024-10-25,68208.0
2024-10-26,67003.0
2024-10-27,67013.0
2024-10-28,69918.0
2024-10-29,69956.0
2024-10-30,72331.0
2024-10-31,72346.0
2024-11-01,69490.0